anio,mes,codigoNivel,descripcionNivel,codigoEntidad,descripcionEntidad,codigoUnidadResponsable,descripcionUnidadResponsable,codigoTipoPresupuesto_ClasePrograma,descripcionTipoPresupuesto_ClasePrograma,codigoPrograma,descripcionPrograma,codigoSubprograma,descripcionSubprograma,codigoProyecto_Actividad,descripcionProyecto_Actividad,codigoFinalidad,finalidad,codigoFuncion,funcion,codigoSubfuncion,subfuncion,grupoEconomico,subgrupoEconomico,categoriaEconomica,codigoFuenteFinanciamiento,descripcionFuenteFinanciamiento,codigoGrupoObjetoGasto,grupoObjetoGasto,codigoSubgrupoObjetoGasto,subgrupoObjetoGasto,codigoObjetoGasto,objetoGasto,codigoOrganismoFinanciador,descripcionOrganismoFinanciador,codigoDepartamento,departamento,codigoUAF,descripcionUAF,codigoNivelFinanciero,nombreNivelFinanciero,codigoClasificacion,descripcionClasificacion,presupuestoInicialAprobado,montoVigente,montoPlanFinancieroVigente,montoEjecutado,montoTransferido,montoPagado,mesCorte,anioCorte,fechaCorte
2025,12,12,12-PODER EJECUTIVO,8,008-MINISTERIO DE SALUD PÚBLICA Y BIENESTAR SOCIAL,41,41 - DIRECCIÓN GRAL. DE DES. DE LOS SERV.DE SALUD,2,2-PROGRAMAS SUSTANTIVOS,3,003 - SERVICIOS DE APOYO Y DIAGNOSTICO P/ LA MEJORA EN LA ATENCIÓN,0,  0 - *,1,"001-OBTENCIÓN, PRODUCCIÓN Y SUMINISTROS DE SANGRE",300,300 - SERVICIOS SOCIALES,310,310 - SALUD,319,319-SALUD SIN DISCRIMINAR,,,,10,10-RECURSOS DEL TESORO,100,100-SERVICIOS PERSONALES,110,110-REMUNERACIONES BÁSICAS,113,113-GASTOS DE REPRESENTACIÓN,1,1 - GENUINO,99,99-ALCANCE NACIONAL,1000000,1000000-DIRECCION GENERAL DE ADMINISTRACION Y FINANZAS,11,11 - REMUNERACIONES BÁSICAS,A,ACTIVIDAD,38738400,38738400,3228200,3228200,0,0,12,2025,2025-12-25
2025,12,12,12-PODER EJECUTIVO,8,008-MINISTERIO DE SALUD PÚBLICA Y BIENESTAR SOCIAL,41,41 - DIRECCIÓN GRAL. DE DES. DE LOS SERV.DE SALUD,2,2-PROGRAMAS SUSTANTIVOS,3,003 - SERVICIOS DE APOYO Y DIAGNOSTICO P/ LA MEJORA EN LA ATENCIÓN,0,  0 - *,1,"001-OBTENCIÓN, PRODUCCIÓN Y SUMINISTROS DE SANGRE",300,300 - SERVICIOS SOCIALES,310,310 - SALUD,319,319-SALUD SIN DISCRIMINAR,,,,10,10-RECURSOS DEL TESORO,100,100-SERVICIOS PERSONALES,110,110-REMUNERACIONES BÁSICAS,114,114-AGUINALDO,1,1 - GENUINO,99,99-ALCANCE NACIONAL,1000000,1000000-DIRECCION GENERAL DE ADMINISTRACION Y FINANZAS,11,11 - REMUNERACIONES BÁSICAS,A,ACTIVIDAD,113216200,113216200,113216200,112208200,0,110192200,12,2025,2025-12-25
2025,12,12,12-PODER EJECUTIVO,8,008-MINISTERIO DE SALUD PÚBLICA Y BIENESTAR SOCIAL,41,41 - DIRECCIÓN GRAL. DE DES. DE LOS SERV.DE SALUD,2,2-PROGRAMAS SUSTANTIVOS,3,003 - SERVICIOS DE APOYO Y DIAGNOSTICO P/ LA MEJORA EN LA ATENCIÓN,0,  0 - *,1,"001-OBTENCIÓN, PRODUCCIÓN Y SUMINISTROS DE SANGRE",300,300 - SERVICIOS SOCIALES,310,310 - SALUD,319,319-SALUD SIN DISCRIMINAR,,,,10,10-RECURSOS DEL TESORO,100,100-SERVICIOS PERSONALES,130,130-ASIGNACIONES COMPLEMENTARIAS,133,133-BONIFICACIONES,1,1 - GENUINO,99,99-ALCANCE NACIONAL,1000000,1000000-DIRECCION GENERAL DE ADMINISTRACION Y FINANZAS,19,19 - OTROS SERVICIOS PERSONALES,A,ACTIVIDAD,687466659,679411859,130479640,97988558,0,49763138,12,2025,2025-12-25
2025,12,12,12-PODER EJECUTIVO,8,008-MINISTERIO DE SALUD PÚBLICA Y BIENESTAR SOCIAL,41,41 - DIRECCIÓN GRAL. DE DES. DE LOS SERV.DE SALUD,2,2-PROGRAMAS SUSTANTIVOS,3,003 - SERVICIOS DE APOYO Y DIAGNOSTICO P/ LA MEJORA EN LA ATENCIÓN,0,  0 - *,1,"001-OBTENCIÓN, PRODUCCIÓN Y SUMINISTROS DE SANGRE",300,300 - SERVICIOS SOCIALES,310,310 - SALUD,319,319-SALUD SIN DISCRIMINAR,,,,10,10-RECURSOS DEL TESORO,100,100-SERVICIOS PERSONALES,140,140-PERSONAL CONTRATADO,142,142-CONTRATACIÓN DE PERSONAL DE SALUD,1,1 - GENUINO,99,99-ALCANCE NACIONAL,1000000,1000000-DIRECCION GENERAL DE ADMINISTRACION Y FINANZAS,12,12 - REMUNERACIONES VARIAS,A,ACTIVIDAD,1656158400,1692158400,6002164,800800,0,739200,12,2025,2025-12-25
2025,12,12,12-PODER EJECUTIVO,8,008-MINISTERIO DE SALUD PÚBLICA Y BIENESTAR SOCIAL,41,41 - DIRECCIÓN GRAL. DE DES. DE LOS SERV.DE SALUD,2,2-PROGRAMAS SUSTANTIVOS,3,003 - SERVICIOS DE APOYO Y DIAGNOSTICO P/ LA MEJORA EN LA ATENCIÓN,0,  0 - *,1,"001-OBTENCIÓN, PRODUCCIÓN Y SUMINISTROS DE SANGRE",300,300 - SERVICIOS SOCIALES,310,310 - SALUD,319,319-SALUD SIN DISCRIMINAR,,,,10,10-RECURSOS DEL TESORO,100,100-SERVICIOS PERSONALES,140,140-PERSONAL CONTRATADO,145,145-HONORARIOS PROFESIONALES,1,1 - GENUINO,99,99-ALCANCE NACIONAL,1000000,1000000-DIRECCION GENERAL DE ADMINISTRACION Y FINANZAS,12,12 - REMUNERACIONES VARIAS,A,ACTIVIDAD,52000000,60054800,9489200,9489199,0,13416733,12,2025,2025-12-25
2025,12,12,12-PODER EJECUTIVO,8,008-MINISTERIO DE SALUD PÚBLICA Y BIENESTAR SOCIAL,43,43 - DIR. GRAL DE VIGILANCIA DE LA SALUD,2,2-PROGRAMAS SUSTANTIVOS,3,003 - SERVICIOS DE APOYO Y DIAGNOSTICO P/ LA MEJORA EN LA ATENCIÓN,0,  0 - *,4,004-GESTIONES INTEGRADAS PARA LA PROVISIÓN DE BIOLÓGICOS,300,300 - SERVICIOS SOCIALES,310,310 - SALUD,319,319-SALUD SIN DISCRIMINAR,,,,10,10-RECURSOS DEL TESORO,100,100-SERVICIOS PERSONALES,140,140-PERSONAL CONTRATADO,142,142-CONTRATACIÓN DE PERSONAL DE SALUD,1,1 - GENUINO,99,99-ALCANCE NACIONAL,1000000,1000000-DIRECCION GENERAL DE ADMINISTRACION Y FINANZAS,12,12 - REMUNERACIONES VARIAS,A,ACTIVIDAD,2025493600,2211693600,186336067,185712499,0,187427686,12,2025,2025-12-25
2025,12,12,12-PODER EJECUTIVO,8,008-MINISTERIO DE SALUD PÚBLICA Y BIENESTAR SOCIAL,41,41 - DIRECCIÓN GRAL. DE DES. DE LOS SERV.DE SALUD,2,2-PROGRAMAS SUSTANTIVOS,3,003 - SERVICIOS DE APOYO Y DIAGNOSTICO P/ LA MEJORA EN LA ATENCIÓN,0,  0 - *,1,"001-OBTENCIÓN, PRODUCCIÓN Y SUMINISTROS DE SANGRE",300,300 - SERVICIOS SOCIALES,310,310 - SALUD,319,319-SALUD SIN DISCRIMINAR,,,,10,10-RECURSOS DEL TESORO,100,100-SERVICIOS PERSONALES,110,110-REMUNERACIONES BÁSICAS,111,111-SUELDOS,1,1 - GENUINO,99,99-ALCANCE NACIONAL,1000000,1000000-DIRECCION GENERAL DE ADMINISTRACION Y FINANZAS,11,11 - REMUNERACIONES BÁSICAS,A,ACTIVIDAD,1319856000,1319856000,119060000,106964000,0,14961191,12,2025,2025-12-25
2025,12,12,12-PODER EJECUTIVO,8,008-MINISTERIO DE SALUD PÚBLICA Y BIENESTAR SOCIAL,43,43 - DIR. GRAL DE VIGILANCIA DE LA SALUD,2,2-PROGRAMAS SUSTANTIVOS,3,003 - SERVICIOS DE APOYO Y DIAGNOSTICO P/ LA MEJORA EN LA ATENCIÓN,0,  0 - *,4,004-GESTIONES INTEGRADAS PARA LA PROVISIÓN DE BIOLÓGICOS,300,300 - SERVICIOS SOCIALES,310,310 - SALUD,319,319-SALUD SIN DISCRIMINAR,,,,10,10-RECURSOS DEL TESORO,100,100-SERVICIOS PERSONALES,140,140-PERSONAL CONTRATADO,145,145-HONORARIOS PROFESIONALES,1,1 - GENUINO,99,99-ALCANCE NACIONAL,1000000,1000000-DIRECCION GENERAL DE ADMINISTRACION Y FINANZAS,12,12 - REMUNERACIONES VARIAS,A,ACTIVIDAD,0,63882000,6845002,6813333,0,24250331,12,2025,2025-12-25
2025,12,12,12-PODER EJECUTIVO,8,008-MINISTERIO DE SALUD PÚBLICA Y BIENESTAR SOCIAL,51,51 - VICEMINISTERIO DE RECTORIA Y VIGILANCIA DE LA SALUD,2,2-PROGRAMAS SUSTANTIVOS,3,003 - SERVICIOS DE APOYO Y DIAGNOSTICO P/ LA MEJORA EN LA ATENCIÓN,0,  0 - *,2,002-HABILITACIÓN Y CONTROL DE LABORATORIOS DE ANALISIS CLÍNICOS,300,300 - SERVICIOS SOCIALES,310,310 - SALUD,319,319-SALUD SIN DISCRIMINAR,,,,10,10-RECURSOS DEL TESORO,100,100-SERVICIOS PERSONALES,110,110-REMUNERACIONES BÁSICAS,113,113-GASTOS DE REPRESENTACIÓN,1,1 - GENUINO,99,99-ALCANCE NACIONAL,1000000,1000000-DIRECCION GENERAL DE ADMINISTRACION Y FINANZAS,11,11 - REMUNERACIONES BÁSICAS,A,ACTIVIDAD,77476800,77476800,6456400,6456400,0,0,12,2025,2025-12-25
2025,12,12,12-PODER EJECUTIVO,8,008-MINISTERIO DE SALUD PÚBLICA Y BIENESTAR SOCIAL,51,51 - VICEMINISTERIO DE RECTORIA Y VIGILANCIA DE LA SALUD,2,2-PROGRAMAS SUSTANTIVOS,3,003 - SERVICIOS DE APOYO Y DIAGNOSTICO P/ LA MEJORA EN LA ATENCIÓN,0,  0 - *,2,002-HABILITACIÓN Y CONTROL DE LABORATORIOS DE ANALISIS CLÍNICOS,300,300 - SERVICIOS SOCIALES,310,310 - SALUD,319,319-SALUD SIN DISCRIMINAR,,,,10,10-RECURSOS DEL TESORO,100,100-SERVICIOS PERSONALES,110,110-REMUNERACIONES BÁSICAS,114,114-AGUINALDO,1,1 - GENUINO,99,99-ALCANCE NACIONAL,1000000,1000000-DIRECCION GENERAL DE ADMINISTRACION Y FINANZAS,11,11 - REMUNERACIONES BÁSICAS,A,ACTIVIDAD,494410400,482210400,481922400,468935400,0,465758400,12,2025,2025-12-25
2025,12,12,12-PODER EJECUTIVO,8,008-MINISTERIO DE SALUD PÚBLICA Y BIENESTAR SOCIAL,51,51 - VICEMINISTERIO DE RECTORIA Y VIGILANCIA DE LA SALUD,2,2-PROGRAMAS SUSTANTIVOS,3,003 - SERVICIOS DE APOYO Y DIAGNOSTICO P/ LA MEJORA EN LA ATENCIÓN,0,  0 - *,2,002-HABILITACIÓN Y CONTROL DE LABORATORIOS DE ANALISIS CLÍNICOS,300,300 - SERVICIOS SOCIALES,310,310 - SALUD,319,319-SALUD SIN DISCRIMINAR,,,,10,10-RECURSOS DEL TESORO,100,100-SERVICIOS PERSONALES,110,110-REMUNERACIONES BÁSICAS,111,111-SUELDOS,1,1 - GENUINO,99,99-ALCANCE NACIONAL,1000000,1000000-DIRECCION GENERAL DE ADMINISTRACION Y FINANZAS,11,11 - REMUNERACIONES BÁSICAS,A,ACTIVIDAD,5855448000,5709048000,611978000,456134000,0,44018216,12,2025,2025-12-25
2025,12,12,12-PODER EJECUTIVO,8,008-MINISTERIO DE SALUD PÚBLICA Y BIENESTAR SOCIAL,51,51 - VICEMINISTERIO DE RECTORIA Y VIGILANCIA DE LA SALUD,2,2-PROGRAMAS SUSTANTIVOS,3,003 - SERVICIOS DE APOYO Y DIAGNOSTICO P/ LA MEJORA EN LA ATENCIÓN,0,  0 - *,3,003-SERVICIOS LABORATORIALES,300,300 - SERVICIOS SOCIALES,310,310 - SALUD,319,319-SALUD SIN DISCRIMINAR,,,,10,10-RECURSOS DEL TESORO,100,100-SERVICIOS PERSONALES,130,130-ASIGNACIONES COMPLEMENTARIAS,133,133-BONIFICACIONES,1,1 - GENUINO,99,99-ALCANCE NACIONAL,1000000,1000000-DIRECCION GENERAL DE ADMINISTRACION Y FINANZAS,19,19 - OTROS SERVICIOS PERSONALES,A,ACTIVIDAD,1679464813,1559464813,296573223,230141684,0,114645634,12,2025,2025-12-25
2025,12,12,12-PODER EJECUTIVO,8,008-MINISTERIO DE SALUD PÚBLICA Y BIENESTAR SOCIAL,51,51 - VICEMINISTERIO DE RECTORIA Y VIGILANCIA DE LA SALUD,2,2-PROGRAMAS SUSTANTIVOS,3,003 - SERVICIOS DE APOYO Y DIAGNOSTICO P/ LA MEJORA EN LA ATENCIÓN,0,  0 - *,3,003-SERVICIOS LABORATORIALES,300,300 - SERVICIOS SOCIALES,310,310 - SALUD,319,319-SALUD SIN DISCRIMINAR,,,,30,30-RECURSOS INSTITUCIONALES,100,100-SERVICIOS PERSONALES,130,130-ASIGNACIONES COMPLEMENTARIAS,133,133-BONIFICACIONES,63,63 - CONACYT,99,99-ALCANCE NACIONAL,1000000,1000000-DIRECCION GENERAL DE ADMINISTRACION Y FINANZAS,19,19 - OTROS SERVICIOS PERSONALES,A,ACTIVIDAD,32000000,144537500,49387501,17269167,0,17269167,12,2025,2025-12-25
2025,12,12,12-PODER EJECUTIVO,8,008-MINISTERIO DE SALUD PÚBLICA Y BIENESTAR SOCIAL,51,51 - VICEMINISTERIO DE RECTORIA Y VIGILANCIA DE LA SALUD,2,2-PROGRAMAS SUSTANTIVOS,3,003 - SERVICIOS DE APOYO Y DIAGNOSTICO P/ LA MEJORA EN LA ATENCIÓN,0,  0 - *,3,003-SERVICIOS LABORATORIALES,300,300 - SERVICIOS SOCIALES,310,310 - SALUD,319,319-SALUD SIN DISCRIMINAR,,,,10,10-RECURSOS DEL TESORO,100,100-SERVICIOS PERSONALES,140,140-PERSONAL CONTRATADO,141,141-CONTRATACIÓN DE PERSONAL TÉCNICO,1,1 - GENUINO,99,99-ALCANCE NACIONAL,1000000,1000000-DIRECCION GENERAL DE ADMINISTRACION Y FINANZAS,12,12 - REMUNERACIONES VARIAS,A,ACTIVIDAD,83584800,83584800,12859200,11953800,0,10753800,12,2025,2025-12-25
2025,12,12,12-PODER EJECUTIVO,8,008-MINISTERIO DE SALUD PÚBLICA Y BIENESTAR SOCIAL,51,51 - VICEMINISTERIO DE RECTORIA Y VIGILANCIA DE LA SALUD,2,2-PROGRAMAS SUSTANTIVOS,3,003 - SERVICIOS DE APOYO Y DIAGNOSTICO P/ LA MEJORA EN LA ATENCIÓN,0,  0 - *,3,003-SERVICIOS LABORATORIALES,300,300 - SERVICIOS SOCIALES,310,310 - SALUD,319,319-SALUD SIN DISCRIMINAR,,,,10,10-RECURSOS DEL TESORO,100,100-SERVICIOS PERSONALES,140,140-PERSONAL CONTRATADO,142,142-CONTRATACIÓN DE PERSONAL DE SALUD,1,1 - GENUINO,99,99-ALCANCE NACIONAL,1000000,1000000-DIRECCION GENERAL DE ADMINISTRACION Y FINANZAS,12,12 - REMUNERACIONES VARIAS,A,ACTIVIDAD,3384711200,4100711200,374096007,373371790,0,369539923,12,2025,2025-12-25
2025,12,12,12-PODER EJECUTIVO,8,008-MINISTERIO DE SALUD PÚBLICA Y BIENESTAR SOCIAL,51,51 - VICEMINISTERIO DE RECTORIA Y VIGILANCIA DE LA SALUD,2,2-PROGRAMAS SUSTANTIVOS,3,003 - SERVICIOS DE APOYO Y DIAGNOSTICO P/ LA MEJORA EN LA ATENCIÓN,0,  0 - *,3,003-SERVICIOS LABORATORIALES,300,300 - SERVICIOS SOCIALES,310,310 - SALUD,319,319-SALUD SIN DISCRIMINAR,,,,30,30-RECURSOS INSTITUCIONALES,100,100-SERVICIOS PERSONALES,140,140-PERSONAL CONTRATADO,142,142-CONTRATACIÓN DE PERSONAL DE SALUD,63,63 - CONACYT,99,99-ALCANCE NACIONAL,1000000,1000000-DIRECCION GENERAL DE ADMINISTRACION Y FINANZAS,12,12 - REMUNERACIONES VARIAS,A,ACTIVIDAD,49920000,49920000,49920000,0,0,0,12,2025,2025-12-25
2025,12,12,12-PODER EJECUTIVO,8,008-MINISTERIO DE SALUD PÚBLICA Y BIENESTAR SOCIAL,51,51 - VICEMINISTERIO DE RECTORIA Y VIGILANCIA DE LA SALUD,2,2-PROGRAMAS SUSTANTIVOS,3,003 - SERVICIOS DE APOYO Y DIAGNOSTICO P/ LA MEJORA EN LA ATENCIÓN,0,  0 - *,3,003-SERVICIOS LABORATORIALES,300,300 - SERVICIOS SOCIALES,310,310 - SALUD,319,319-SALUD SIN DISCRIMINAR,,,,10,10-RECURSOS DEL TESORO,100,100-SERVICIOS PERSONALES,140,140-PERSONAL CONTRATADO,144,144-JORNALES,1,1 - GENUINO,99,99-ALCANCE NACIONAL,1000000,1000000-DIRECCION GENERAL DE ADMINISTRACION Y FINANZAS,12,12 - REMUNERACIONES VARIAS,A,ACTIVIDAD,1318505396,1612129656,272735724,233775310,0,233604701,12,2025,2025-12-25
2025,12,12,12-PODER EJECUTIVO,8,008-MINISTERIO DE SALUD PÚBLICA Y BIENESTAR SOCIAL,51,51 - VICEMINISTERIO DE RECTORIA Y VIGILANCIA DE LA SALUD,2,2-PROGRAMAS SUSTANTIVOS,3,003 - SERVICIOS DE APOYO Y DIAGNOSTICO P/ LA MEJORA EN LA ATENCIÓN,0,  0 - *,3,003-SERVICIOS LABORATORIALES,300,300 - SERVICIOS SOCIALES,310,310 - SALUD,319,319-SALUD SIN DISCRIMINAR,,,,10,10-RECURSOS DEL TESORO,100,100-SERVICIOS PERSONALES,140,140-PERSONAL CONTRATADO,145,145-HONORARIOS PROFESIONALES,1,1 - GENUINO,99,99-ALCANCE NACIONAL,1000000,1000000-DIRECCION GENERAL DE ADMINISTRACION Y FINANZAS,12,12 - REMUNERACIONES VARIAS,A,ACTIVIDAD,243469200,219844940,60887340,37056400,0,26270700,12,2025,2025-12-25
2025,12,12,12-PODER EJECUTIVO,8,008-MINISTERIO DE SALUD PÚBLICA Y BIENESTAR SOCIAL,43,43 - DIR. GRAL DE VIGILANCIA DE LA SALUD,2,2-PROGRAMAS SUSTANTIVOS,3,003 - SERVICIOS DE APOYO Y DIAGNOSTICO P/ LA MEJORA EN LA ATENCIÓN,0,  0 - *,4,004-GESTIONES INTEGRADAS PARA LA PROVISIÓN DE BIOLÓGICOS,300,300 - SERVICIOS SOCIALES,310,310 - SALUD,319,319-SALUD SIN DISCRIMINAR,,,,10,10-RECURSOS DEL TESORO,100,100-SERVICIOS PERSONALES,110,110-REMUNERACIONES BÁSICAS,114,114-AGUINALDO,1,1 - GENUINO,99,99-ALCANCE NACIONAL,1000000,1000000-DIRECCION GENERAL DE ADMINISTRACION Y FINANZAS,11,11 - REMUNERACIONES BÁSICAS,A,ACTIVIDAD,109928200,109928200,109568200,98228200,0,93908200,12,2025,2025-12-25
2025,12,12,12-PODER EJECUTIVO,8,008-MINISTERIO DE SALUD PÚBLICA Y BIENESTAR SOCIAL,51,51 - VICEMINISTERIO DE RECTORIA Y VIGILANCIA DE LA SALUD,2,2-PROGRAMAS SUSTANTIVOS,3,003 - SERVICIOS DE APOYO Y DIAGNOSTICO P/ LA MEJORA EN LA ATENCIÓN,0,  0 - *,3,003-SERVICIOS LABORATORIALES,300,300 - SERVICIOS SOCIALES,310,310 - SALUD,319,319-SALUD SIN DISCRIMINAR,,,,30,30-RECURSOS INSTITUCIONALES,100,100-SERVICIOS PERSONALES,140,140-PERSONAL CONTRATADO,141,141-CONTRATACIÓN DE PERSONAL TÉCNICO,63,63 - CONACYT,99,99-ALCANCE NACIONAL,1000000,1000000-DIRECCION GENERAL DE ADMINISTRACION Y FINANZAS,12,12 - REMUNERACIONES VARIAS,A,ACTIVIDAD,0,6987500,1035500,496000,0,1240000,12,2025,2025-12-25
2025,12,12,12-PODER EJECUTIVO,8,008-MINISTERIO DE SALUD PÚBLICA Y BIENESTAR SOCIAL,51,51 - VICEMINISTERIO DE RECTORIA Y VIGILANCIA DE LA SALUD,2,2-PROGRAMAS SUSTANTIVOS,3,003 - SERVICIOS DE APOYO Y DIAGNOSTICO P/ LA MEJORA EN LA ATENCIÓN,0,  0 - *,3,003-SERVICIOS LABORATORIALES,300,300 - SERVICIOS SOCIALES,310,310 - SALUD,319,319-SALUD SIN DISCRIMINAR,,,,30,30-RECURSOS INSTITUCIONALES,100,100-SERVICIOS PERSONALES,140,140-PERSONAL CONTRATADO,145,145-HONORARIOS PROFESIONALES,63,63 - CONACYT,99,99-ALCANCE NACIONAL,1000000,1000000-DIRECCION GENERAL DE ADMINISTRACION Y FINANZAS,12,12 - REMUNERACIONES VARIAS,A,ACTIVIDAD,0,4200000,4200000,0,0,0,12,2025,2025-12-25
2025,12,12,12-PODER EJECUTIVO,8,008-MINISTERIO DE SALUD PÚBLICA Y BIENESTAR SOCIAL,43,43 - DIR. GRAL DE VIGILANCIA DE LA SALUD,2,2-PROGRAMAS SUSTANTIVOS,3,003 - SERVICIOS DE APOYO Y DIAGNOSTICO P/ LA MEJORA EN LA ATENCIÓN,0,  0 - *,4,004-GESTIONES INTEGRADAS PARA LA PROVISIÓN DE BIOLÓGICOS,300,300 - SERVICIOS SOCIALES,310,310 - SALUD,319,319-SALUD SIN DISCRIMINAR,,,,10,10-RECURSOS DEL TESORO,100,100-SERVICIOS PERSONALES,110,110-REMUNERACIONES BÁSICAS,113,113-GASTOS DE REPRESENTACIÓN,1,1 - GENUINO,99,99-ALCANCE NACIONAL,1000000,1000000-DIRECCION GENERAL DE ADMINISTRACION Y FINANZAS,11,11 - REMUNERACIONES BÁSICAS,A,ACTIVIDAD,38738400,38738400,3228200,0,0,0,6,2025,2025-06-25
2025,12,12,12-PODER EJECUTIVO,8,008-MINISTERIO DE SALUD PÚBLICA Y BIENESTAR SOCIAL,43,43 - DIR. GRAL DE VIGILANCIA DE LA SALUD,2,2-PROGRAMAS SUSTANTIVOS,3,003 - SERVICIOS DE APOYO Y DIAGNOSTICO P/ LA MEJORA EN LA ATENCIÓN,0,  0 - *,4,004-GESTIONES INTEGRADAS PARA LA PROVISIÓN DE BIOLÓGICOS,300,300 - SERVICIOS SOCIALES,310,310 - SALUD,319,319-SALUD SIN DISCRIMINAR,,,,10,10-RECURSOS DEL TESORO,100,100-SERVICIOS PERSONALES,110,110-REMUNERACIONES BÁSICAS,114,114-AGUINALDO,1,1 - GENUINO,99,99-ALCANCE NACIONAL,1000000,1000000-DIRECCION GENERAL DE ADMINISTRACION Y FINANZAS,11,11 - REMUNERACIONES BÁSICAS,A,ACTIVIDAD,109928200,109928200,109928200,0,0,0,6,2025,2025-06-25
2025,12,12,12-PODER EJECUTIVO,8,008-MINISTERIO DE SALUD PÚBLICA Y BIENESTAR SOCIAL,43,43 - DIR. GRAL DE VIGILANCIA DE LA SALUD,2,2-PROGRAMAS SUSTANTIVOS,3,003 - SERVICIOS DE APOYO Y DIAGNOSTICO P/ LA MEJORA EN LA ATENCIÓN,0,  0 - *,4,004-GESTIONES INTEGRADAS PARA LA PROVISIÓN DE BIOLÓGICOS,300,300 - SERVICIOS SOCIALES,310,310 - SALUD,319,319-SALUD SIN DISCRIMINAR,,,,10,10-RECURSOS DEL TESORO,100,100-SERVICIOS PERSONALES,110,110-REMUNERACIONES BÁSICAS,111,111-SUELDOS,1,1 - GENUINO,99,99-ALCANCE NACIONAL,1000000,1000000-DIRECCION GENERAL DE ADMINISTRACION Y FINANZAS,11,11 - REMUNERACIONES BÁSICAS,A,ACTIVIDAD,1280400000,1280400000,222800000,86720000,0,14585160,12,2025,2025-12-25
2025,12,12,12-PODER EJECUTIVO,8,008-MINISTERIO DE SALUD PÚBLICA Y BIENESTAR SOCIAL,43,43 - DIR. GRAL DE VIGILANCIA DE LA SALUD,2,2-PROGRAMAS SUSTANTIVOS,3,003 - SERVICIOS DE APOYO Y DIAGNOSTICO P/ LA MEJORA EN LA ATENCIÓN,0,  0 - *,4,004-GESTIONES INTEGRADAS PARA LA PROVISIÓN DE BIOLÓGICOS,300,300 - SERVICIOS SOCIALES,310,310 - SALUD,319,319-SALUD SIN DISCRIMINAR,,,,10,10-RECURSOS DEL TESORO,100,100-SERVICIOS PERSONALES,120,120-REMUNERACIONES TEMPORALES,123,123-REMUNERACIÓN EXTRAORDINARIA,1,1 - GENUINO,99,99-ALCANCE NACIONAL,1000000,1000000-DIRECCION GENERAL DE ADMINISTRACION Y FINANZAS,12,12 - REMUNERACIONES VARIAS,A,ACTIVIDAD,271537746,284837746,82106387,61022766,0,20288775,12,2025,2025-12-25
2025,12,12,12-PODER EJECUTIVO,8,008-MINISTERIO DE SALUD PÚBLICA Y BIENESTAR SOCIAL,43,43 - DIR. GRAL DE VIGILANCIA DE LA SALUD,2,2-PROGRAMAS SUSTANTIVOS,3,003 - SERVICIOS DE APOYO Y DIAGNOSTICO P/ LA MEJORA EN LA ATENCIÓN,0,  0 - *,4,004-GESTIONES INTEGRADAS PARA LA PROVISIÓN DE BIOLÓGICOS,300,300 - SERVICIOS SOCIALES,310,310 - SALUD,319,319-SALUD SIN DISCRIMINAR,,,,10,10-RECURSOS DEL TESORO,100,100-SERVICIOS PERSONALES,130,130-ASIGNACIONES COMPLEMENTARIAS,133,133-BONIFICACIONES,1,1 - GENUINO,99,99-ALCANCE NACIONAL,1000000,1000000-DIRECCION GENERAL DE ADMINISTRACION Y FINANZAS,19,19 - OTROS SERVICIOS PERSONALES,A,ACTIVIDAD,830604580,806322580,132738173,112330016,0,60454956,12,2025,2025-12-25
2025,12,12,12-PODER EJECUTIVO,8,008-MINISTERIO DE SALUD PÚBLICA Y BIENESTAR SOCIAL,43,43 - DIR. GRAL DE VIGILANCIA DE LA SALUD,2,2-PROGRAMAS SUSTANTIVOS,3,003 - SERVICIOS DE APOYO Y DIAGNOSTICO P/ LA MEJORA EN LA ATENCIÓN,0,  0 - *,4,004-GESTIONES INTEGRADAS PARA LA PROVISIÓN DE BIOLÓGICOS,300,300 - SERVICIOS SOCIALES,310,310 - SALUD,319,319-SALUD SIN DISCRIMINAR,,,,10,10-RECURSOS DEL TESORO,100,100-SERVICIOS PERSONALES,110,110-REMUNERACIONES BÁSICAS,113,113-GASTOS DE REPRESENTACIÓN,1,1 - GENUINO,99,99-ALCANCE NACIONAL,1000000,1000000-DIRECCION GENERAL DE ADMINISTRACION Y FINANZAS,11,11 - REMUNERACIONES BÁSICAS,A,ACTIVIDAD,38738400,38738400,3228200,3228200,0,0,12,2025,2025-12-25
2025,12,12,12-PODER EJECUTIVO,8,008-MINISTERIO DE SALUD PÚBLICA Y BIENESTAR SOCIAL,51,51 - VICEMINISTERIO DE RECTORIA Y VIGILANCIA DE LA SALUD,2,2-PROGRAMAS SUSTANTIVOS,3,003 - SERVICIOS DE APOYO Y DIAGNOSTICO P/ LA MEJORA EN LA ATENCIÓN,0,  0 - *,3,003-SERVICIOS LABORATORIALES,300,300 - SERVICIOS SOCIALES,310,310 - SALUD,319,319-SALUD SIN DISCRIMINAR,,,,30,30-RECURSOS INSTITUCIONALES,100,100-SERVICIOS PERSONALES,140,140-PERSONAL CONTRATADO,141,141-CONTRATACIÓN DE PERSONAL TÉCNICO,63,63 - CONACYT,99,99-ALCANCE NACIONAL,1000000,1000000-DIRECCION GENERAL DE ADMINISTRACION Y FINANZAS,12,12 - REMUNERACIONES VARIAS,A,ACTIVIDAD,0,6987500,537500,0,0,0,6,2025,2025-06-25
2025,12,12,12-PODER EJECUTIVO,8,008-MINISTERIO DE SALUD PÚBLICA Y BIENESTAR SOCIAL,51,51 - VICEMINISTERIO DE RECTORIA Y VIGILANCIA DE LA SALUD,2,2-PROGRAMAS SUSTANTIVOS,3,003 - SERVICIOS DE APOYO Y DIAGNOSTICO P/ LA MEJORA EN LA ATENCIÓN,0,  0 - *,3,003-SERVICIOS LABORATORIALES,300,300 - SERVICIOS SOCIALES,310,310 - SALUD,319,319-SALUD SIN DISCRIMINAR,,,,30,30-RECURSOS INSTITUCIONALES,100,100-SERVICIOS PERSONALES,140,140-PERSONAL CONTRATADO,145,145-HONORARIOS PROFESIONALES,63,63 - CONACYT,99,99-ALCANCE NACIONAL,1000000,1000000-DIRECCION GENERAL DE ADMINISTRACION Y FINANZAS,12,12 - REMUNERACIONES VARIAS,A,ACTIVIDAD,0,14625000,1125000,0,0,0,6,2025,2025-06-25
2025,12,12,12-PODER EJECUTIVO,8,008-MINISTERIO DE SALUD PÚBLICA Y BIENESTAR SOCIAL,43,43 - DIR. GRAL DE VIGILANCIA DE LA SALUD,2,2-PROGRAMAS SUSTANTIVOS,3,003 - SERVICIOS DE APOYO Y DIAGNOSTICO P/ LA MEJORA EN LA ATENCIÓN,0,  0 - *,4,004-GESTIONES INTEGRADAS PARA LA PROVISIÓN DE BIOLÓGICOS,300,300 - SERVICIOS SOCIALES,310,310 - SALUD,319,319-SALUD SIN DISCRIMINAR,,,,10,10-RECURSOS DEL TESORO,100,100-SERVICIOS PERSONALES,140,140-PERSONAL CONTRATADO,144,144-JORNALES,1,1 - GENUINO,99,99-ALCANCE NACIONAL,1000000,1000000-DIRECCION GENERAL DE ADMINISTRACION Y FINANZAS,12,12 - REMUNERACIONES VARIAS,A,ACTIVIDAD,1039081459,979481459,172329829,149285345,0,90627922,12,2025,2025-12-25
2025,12,12,12-PODER EJECUTIVO,8,008-MINISTERIO DE SALUD PÚBLICA Y BIENESTAR SOCIAL,51,51 - VICEMINISTERIO DE RECTORIA Y VIGILANCIA DE LA SALUD,2,2-PROGRAMAS SUSTANTIVOS,3,003 - SERVICIOS DE APOYO Y DIAGNOSTICO P/ LA MEJORA EN LA ATENCIÓN,0,  0 - *,2,002-HABILITACIÓN Y CONTROL DE LABORATORIOS DE ANALISIS CLÍNICOS,300,300 - SERVICIOS SOCIALES,310,310 - SALUD,319,319-SALUD SIN DISCRIMINAR,,,,10,10-RECURSOS DEL TESORO,100,100-SERVICIOS PERSONALES,110,110-REMUNERACIONES BÁSICAS,111,111-SUELDOS,1,1 - GENUINO,99,99-ALCANCE NACIONAL,1000000,1000000-DIRECCION GENERAL DE ADMINISTRACION Y FINANZAS,11,11 - REMUNERACIONES BÁSICAS,A,ACTIVIDAD,5855448000,5855448000,487954000,0,0,0,6,2025,2025-06-25
2025,12,12,12-PODER EJECUTIVO,8,008-MINISTERIO DE SALUD PÚBLICA Y BIENESTAR SOCIAL,51,51 - VICEMINISTERIO DE RECTORIA Y VIGILANCIA DE LA SALUD,2,2-PROGRAMAS SUSTANTIVOS,3,003 - SERVICIOS DE APOYO Y DIAGNOSTICO P/ LA MEJORA EN LA ATENCIÓN,0,  0 - *,2,002-HABILITACIÓN Y CONTROL DE LABORATORIOS DE ANALISIS CLÍNICOS,300,300 - SERVICIOS SOCIALES,310,310 - SALUD,319,319-SALUD SIN DISCRIMINAR,,,,10,10-RECURSOS DEL TESORO,100,100-SERVICIOS PERSONALES,110,110-REMUNERACIONES BÁSICAS,113,113-GASTOS DE REPRESENTACIÓN,1,1 - GENUINO,99,99-ALCANCE NACIONAL,1000000,1000000-DIRECCION GENERAL DE ADMINISTRACION Y FINANZAS,11,11 - REMUNERACIONES BÁSICAS,A,ACTIVIDAD,77476800,77476800,6456400,0,0,0,6,2025,2025-06-25
2025,12,12,12-PODER EJECUTIVO,8,008-MINISTERIO DE SALUD PÚBLICA Y BIENESTAR SOCIAL,51,51 - VICEMINISTERIO DE RECTORIA Y VIGILANCIA DE LA SALUD,2,2-PROGRAMAS SUSTANTIVOS,3,003 - SERVICIOS DE APOYO Y DIAGNOSTICO P/ LA MEJORA EN LA ATENCIÓN,0,  0 - *,2,002-HABILITACIÓN Y CONTROL DE LABORATORIOS DE ANALISIS CLÍNICOS,300,300 - SERVICIOS SOCIALES,310,310 - SALUD,319,319-SALUD SIN DISCRIMINAR,,,,10,10-RECURSOS DEL TESORO,100,100-SERVICIOS PERSONALES,110,110-REMUNERACIONES BÁSICAS,114,114-AGUINALDO,1,1 - GENUINO,99,99-ALCANCE NACIONAL,1000000,1000000-DIRECCION GENERAL DE ADMINISTRACION Y FINANZAS,11,11 - REMUNERACIONES BÁSICAS,A,ACTIVIDAD,494410400,494410400,494410400,0,0,0,6,2025,2025-06-25
2025,12,12,12-PODER EJECUTIVO,8,008-MINISTERIO DE SALUD PÚBLICA Y BIENESTAR SOCIAL,41,41 - DIRECCIÓN GRAL. DE DES. DE LOS SERV.DE SALUD,2,2-PROGRAMAS SUSTANTIVOS,3,003 - SERVICIOS DE APOYO Y DIAGNOSTICO P/ LA MEJORA EN LA ATENCIÓN,0,  0 - *,1,"001-OBTENCIÓN, PRODUCCIÓN Y SUMINISTROS DE SANGRE",300,300 - SERVICIOS SOCIALES,310,310 - SALUD,319,319-SALUD SIN DISCRIMINAR,,,,10,10-RECURSOS DEL TESORO,100,100-SERVICIOS PERSONALES,140,140-PERSONAL CONTRATADO,144,144-JORNALES,1,1 - GENUINO,99,99-ALCANCE NACIONAL,1000000,1000000-DIRECCION GENERAL DE ADMINISTRACION Y FINANZAS,12,12 - REMUNERACIONES VARIAS,A,ACTIVIDAD,441162800,478212800,73571200,73571200,0,73965853,12,2025,2025-12-25
2025,12,12,12-PODER EJECUTIVO,8,008-MINISTERIO DE SALUD PÚBLICA Y BIENESTAR SOCIAL,51,51 - VICEMINISTERIO DE RECTORIA Y VIGILANCIA DE LA SALUD,2,2-PROGRAMAS SUSTANTIVOS,3,003 - SERVICIOS DE APOYO Y DIAGNOSTICO P/ LA MEJORA EN LA ATENCIÓN,0,  0 - *,3,003-SERVICIOS LABORATORIALES,300,300 - SERVICIOS SOCIALES,310,310 - SALUD,319,319-SALUD SIN DISCRIMINAR,,,,30,30-RECURSOS INSTITUCIONALES,100,100-SERVICIOS PERSONALES,140,140-PERSONAL CONTRATADO,144,144-JORNALES,63,63 - CONACYT,99,99-ALCANCE NACIONAL,1000000,1000000-DIRECCION GENERAL DE ADMINISTRACION Y FINANZAS,12,12 - REMUNERACIONES VARIAS,A,ACTIVIDAD,0,13275000,4155000,1900000,0,1900000,12,2025,2025-12-25
2025,12,12,12-PODER EJECUTIVO,8,008-MINISTERIO DE SALUD PÚBLICA Y BIENESTAR SOCIAL,51,51 - VICEMINISTERIO DE RECTORIA Y VIGILANCIA DE LA SALUD,2,2-PROGRAMAS SUSTANTIVOS,3,003 - SERVICIOS DE APOYO Y DIAGNOSTICO P/ LA MEJORA EN LA ATENCIÓN,0,  0 - *,2,002-HABILITACIÓN Y CONTROL DE LABORATORIOS DE ANALISIS CLÍNICOS,300,300 - SERVICIOS SOCIALES,310,310 - SALUD,319,319-SALUD SIN DISCRIMINAR,,,,10,10-RECURSOS DEL TESORO,100,100-SERVICIOS PERSONALES,110,110-REMUNERACIONES BÁSICAS,111,111-SUELDOS,1,1 - GENUINO,99,99-ALCANCE NACIONAL,1000000,1000000-DIRECCION GENERAL DE ADMINISTRACION Y FINANZAS,11,11 - REMUNERACIONES BÁSICAS,A,ACTIVIDAD,5855448000,5855448000,487954000,0,0,0,10,2025,2025-10-25
2025,12,12,12-PODER EJECUTIVO,8,008-MINISTERIO DE SALUD PÚBLICA Y BIENESTAR SOCIAL,51,51 - VICEMINISTERIO DE RECTORIA Y VIGILANCIA DE LA SALUD,2,2-PROGRAMAS SUSTANTIVOS,3,003 - SERVICIOS DE APOYO Y DIAGNOSTICO P/ LA MEJORA EN LA ATENCIÓN,0,  0 - *,2,002-HABILITACIÓN Y CONTROL DE LABORATORIOS DE ANALISIS CLÍNICOS,300,300 - SERVICIOS SOCIALES,310,310 - SALUD,319,319-SALUD SIN DISCRIMINAR,,,,10,10-RECURSOS DEL TESORO,100,100-SERVICIOS PERSONALES,110,110-REMUNERACIONES BÁSICAS,113,113-GASTOS DE REPRESENTACIÓN,1,1 - GENUINO,99,99-ALCANCE NACIONAL,1000000,1000000-DIRECCION GENERAL DE ADMINISTRACION Y FINANZAS,11,11 - REMUNERACIONES BÁSICAS,A,ACTIVIDAD,77476800,77476800,6456400,0,0,0,10,2025,2025-10-25
2025,12,12,12-PODER EJECUTIVO,8,008-MINISTERIO DE SALUD PÚBLICA Y BIENESTAR SOCIAL,51,51 - VICEMINISTERIO DE RECTORIA Y VIGILANCIA DE LA SALUD,2,2-PROGRAMAS SUSTANTIVOS,3,003 - SERVICIOS DE APOYO Y DIAGNOSTICO P/ LA MEJORA EN LA ATENCIÓN,0,  0 - *,2,002-HABILITACIÓN Y CONTROL DE LABORATORIOS DE ANALISIS CLÍNICOS,300,300 - SERVICIOS SOCIALES,310,310 - SALUD,319,319-SALUD SIN DISCRIMINAR,,,,10,10-RECURSOS DEL TESORO,100,100-SERVICIOS PERSONALES,110,110-REMUNERACIONES BÁSICAS,114,114-AGUINALDO,1,1 - GENUINO,99,99-ALCANCE NACIONAL,1000000,1000000-DIRECCION GENERAL DE ADMINISTRACION Y FINANZAS,11,11 - REMUNERACIONES BÁSICAS,A,ACTIVIDAD,494410400,494410400,494410400,0,0,0,10,2025,2025-10-25
2025,12,12,12-PODER EJECUTIVO,8,008-MINISTERIO DE SALUD PÚBLICA Y BIENESTAR SOCIAL,43,43 - DIR. GRAL DE VIGILANCIA DE LA SALUD,2,2-PROGRAMAS SUSTANTIVOS,3,003 - SERVICIOS DE APOYO Y DIAGNOSTICO P/ LA MEJORA EN LA ATENCIÓN,0,  0 - *,4,004-GESTIONES INTEGRADAS PARA LA PROVISIÓN DE BIOLÓGICOS,300,300 - SERVICIOS SOCIALES,310,310 - SALUD,319,319-SALUD SIN DISCRIMINAR,,,,10,10-RECURSOS DEL TESORO,100,100-SERVICIOS PERSONALES,140,140-PERSONAL CONTRATADO,145,145-HONORARIOS PROFESIONALES,1,1 - GENUINO,99,99-ALCANCE NACIONAL,1000000,1000000-DIRECCION GENERAL DE ADMINISTRACION Y FINANZAS,12,12 - REMUNERACIONES VARIAS,A,ACTIVIDAD,0,39600000,0,0,0,0,10,2025,2025-10-25
2025,12,12,12-PODER EJECUTIVO,8,008-MINISTERIO DE SALUD PÚBLICA Y BIENESTAR SOCIAL,51,51 - VICEMINISTERIO DE RECTORIA Y VIGILANCIA DE LA SALUD,2,2-PROGRAMAS SUSTANTIVOS,3,003 - SERVICIOS DE APOYO Y DIAGNOSTICO P/ LA MEJORA EN LA ATENCIÓN,0,  0 - *,3,003-SERVICIOS LABORATORIALES,300,300 - SERVICIOS SOCIALES,310,310 - SALUD,319,319-SALUD SIN DISCRIMINAR,,,,30,30-RECURSOS INSTITUCIONALES,100,100-SERVICIOS PERSONALES,130,130-ASIGNACIONES COMPLEMENTARIAS,133,133-BONIFICACIONES,63,63 - CONACYT,99,99-ALCANCE NACIONAL,1000000,1000000-DIRECCION GENERAL DE ADMINISTRACION Y FINANZAS,19,19 - OTROS SERVICIOS PERSONALES,A,ACTIVIDAD,32000000,144537500,23480000,0,0,0,10,2025,2025-10-25
2025,12,12,12-PODER EJECUTIVO,8,008-MINISTERIO DE SALUD PÚBLICA Y BIENESTAR SOCIAL,51,51 - VICEMINISTERIO DE RECTORIA Y VIGILANCIA DE LA SALUD,2,2-PROGRAMAS SUSTANTIVOS,3,003 - SERVICIOS DE APOYO Y DIAGNOSTICO P/ LA MEJORA EN LA ATENCIÓN,0,  0 - *,3,003-SERVICIOS LABORATORIALES,300,300 - SERVICIOS SOCIALES,310,310 - SALUD,319,319-SALUD SIN DISCRIMINAR,,,,10,10-RECURSOS DEL TESORO,100,100-SERVICIOS PERSONALES,130,130-ASIGNACIONES COMPLEMENTARIAS,133,133-BONIFICACIONES,1,1 - GENUINO,99,99-ALCANCE NACIONAL,1000000,1000000-DIRECCION GENERAL DE ADMINISTRACION Y FINANZAS,19,19 - OTROS SERVICIOS PERSONALES,A,ACTIVIDAD,1679464813,1679464813,99464813,0,0,0,10,2025,2025-10-25
2025,12,12,12-PODER EJECUTIVO,8,008-MINISTERIO DE SALUD PÚBLICA Y BIENESTAR SOCIAL,43,43 - DIR. GRAL DE VIGILANCIA DE LA SALUD,2,2-PROGRAMAS SUSTANTIVOS,3,003 - SERVICIOS DE APOYO Y DIAGNOSTICO P/ LA MEJORA EN LA ATENCIÓN,0,  0 - *,4,004-GESTIONES INTEGRADAS PARA LA PROVISIÓN DE BIOLÓGICOS,300,300 - SERVICIOS SOCIALES,310,310 - SALUD,319,319-SALUD SIN DISCRIMINAR,,,,10,10-RECURSOS DEL TESORO,100,100-SERVICIOS PERSONALES,110,110-REMUNERACIONES BÁSICAS,111,111-SUELDOS,1,1 - GENUINO,99,99-ALCANCE NACIONAL,1000000,1000000-DIRECCION GENERAL DE ADMINISTRACION Y FINANZAS,11,11 - REMUNERACIONES BÁSICAS,A,ACTIVIDAD,1280400000,1280400000,106700000,0,0,0,10,2025,2025-10-25
2025,12,12,12-PODER EJECUTIVO,8,008-MINISTERIO DE SALUD PÚBLICA Y BIENESTAR SOCIAL,43,43 - DIR. GRAL DE VIGILANCIA DE LA SALUD,2,2-PROGRAMAS SUSTANTIVOS,3,003 - SERVICIOS DE APOYO Y DIAGNOSTICO P/ LA MEJORA EN LA ATENCIÓN,0,  0 - *,4,004-GESTIONES INTEGRADAS PARA LA PROVISIÓN DE BIOLÓGICOS,300,300 - SERVICIOS SOCIALES,310,310 - SALUD,319,319-SALUD SIN DISCRIMINAR,,,,10,10-RECURSOS DEL TESORO,100,100-SERVICIOS PERSONALES,120,120-REMUNERACIONES TEMPORALES,123,123-REMUNERACIÓN EXTRAORDINARIA,1,1 - GENUINO,99,99-ALCANCE NACIONAL,1000000,1000000-DIRECCION GENERAL DE ADMINISTRACION Y FINANZAS,12,12 - REMUNERACIONES VARIAS,A,ACTIVIDAD,271537746,271537746,1537746,0,0,0,10,2025,2025-10-25
2025,12,12,12-PODER EJECUTIVO,8,008-MINISTERIO DE SALUD PÚBLICA Y BIENESTAR SOCIAL,43,43 - DIR. GRAL DE VIGILANCIA DE LA SALUD,2,2-PROGRAMAS SUSTANTIVOS,3,003 - SERVICIOS DE APOYO Y DIAGNOSTICO P/ LA MEJORA EN LA ATENCIÓN,0,  0 - *,4,004-GESTIONES INTEGRADAS PARA LA PROVISIÓN DE BIOLÓGICOS,300,300 - SERVICIOS SOCIALES,310,310 - SALUD,319,319-SALUD SIN DISCRIMINAR,,,,10,10-RECURSOS DEL TESORO,100,100-SERVICIOS PERSONALES,130,130-ASIGNACIONES COMPLEMENTARIAS,133,133-BONIFICACIONES,1,1 - GENUINO,99,99-ALCANCE NACIONAL,1000000,1000000-DIRECCION GENERAL DE ADMINISTRACION Y FINANZAS,19,19 - OTROS SERVICIOS PERSONALES,A,ACTIVIDAD,830604580,830604580,90222580,0,0,0,10,2025,2025-10-25
2025,12,12,12-PODER EJECUTIVO,8,008-MINISTERIO DE SALUD PÚBLICA Y BIENESTAR SOCIAL,43,43 - DIR. GRAL DE VIGILANCIA DE LA SALUD,2,2-PROGRAMAS SUSTANTIVOS,3,003 - SERVICIOS DE APOYO Y DIAGNOSTICO P/ LA MEJORA EN LA ATENCIÓN,0,  0 - *,4,004-GESTIONES INTEGRADAS PARA LA PROVISIÓN DE BIOLÓGICOS,300,300 - SERVICIOS SOCIALES,310,310 - SALUD,319,319-SALUD SIN DISCRIMINAR,,,,10,10-RECURSOS DEL TESORO,100,100-SERVICIOS PERSONALES,140,140-PERSONAL CONTRATADO,142,142-CONTRATACIÓN DE PERSONAL DE SALUD,1,1 - GENUINO,99,99-ALCANCE NACIONAL,1000000,1000000-DIRECCION GENERAL DE ADMINISTRACION Y FINANZAS,12,12 - REMUNERACIONES VARIAS,A,ACTIVIDAD,2025493600,2025493600,4686400,0,0,0,10,2025,2025-10-25
2025,12,12,12-PODER EJECUTIVO,8,008-MINISTERIO DE SALUD PÚBLICA Y BIENESTAR SOCIAL,43,43 - DIR. GRAL DE VIGILANCIA DE LA SALUD,2,2-PROGRAMAS SUSTANTIVOS,3,003 - SERVICIOS DE APOYO Y DIAGNOSTICO P/ LA MEJORA EN LA ATENCIÓN,0,  0 - *,4,004-GESTIONES INTEGRADAS PARA LA PROVISIÓN DE BIOLÓGICOS,300,300 - SERVICIOS SOCIALES,310,310 - SALUD,319,319-SALUD SIN DISCRIMINAR,,,,10,10-RECURSOS DEL TESORO,100,100-SERVICIOS PERSONALES,140,140-PERSONAL CONTRATADO,144,144-JORNALES,1,1 - GENUINO,99,99-ALCANCE NACIONAL,1000000,1000000-DIRECCION GENERAL DE ADMINISTRACION Y FINANZAS,12,12 - REMUNERACIONES VARIAS,A,ACTIVIDAD,1039081459,999481459,1081459,0,0,0,10,2025,2025-10-25
2025,12,12,12-PODER EJECUTIVO,8,008-MINISTERIO DE SALUD PÚBLICA Y BIENESTAR SOCIAL,43,43 - DIR. GRAL DE VIGILANCIA DE LA SALUD,2,2-PROGRAMAS SUSTANTIVOS,3,003 - SERVICIOS DE APOYO Y DIAGNOSTICO P/ LA MEJORA EN LA ATENCIÓN,0,  0 - *,4,004-GESTIONES INTEGRADAS PARA LA PROVISIÓN DE BIOLÓGICOS,300,300 - SERVICIOS SOCIALES,310,310 - SALUD,319,319-SALUD SIN DISCRIMINAR,,,,10,10-RECURSOS DEL TESORO,100,100-SERVICIOS PERSONALES,110,110-REMUNERACIONES BÁSICAS,113,113-GASTOS DE REPRESENTACIÓN,1,1 - GENUINO,99,99-ALCANCE NACIONAL,1000000,1000000-DIRECCION GENERAL DE ADMINISTRACION Y FINANZAS,11,11 - REMUNERACIONES BÁSICAS,A,ACTIVIDAD,38738400,38738400,3228200,0,0,0,10,2025,2025-10-25
2025,12,12,12-PODER EJECUTIVO,8,008-MINISTERIO DE SALUD PÚBLICA Y BIENESTAR SOCIAL,51,51 - VICEMINISTERIO DE RECTORIA Y VIGILANCIA DE LA SALUD,2,2-PROGRAMAS SUSTANTIVOS,3,003 - SERVICIOS DE APOYO Y DIAGNOSTICO P/ LA MEJORA EN LA ATENCIÓN,0,  0 - *,3,003-SERVICIOS LABORATORIALES,300,300 - SERVICIOS SOCIALES,310,310 - SALUD,319,319-SALUD SIN DISCRIMINAR,,,,10,10-RECURSOS DEL TESORO,100,100-SERVICIOS PERSONALES,140,140-PERSONAL CONTRATADO,142,142-CONTRATACIÓN DE PERSONAL DE SALUD,1,1 - GENUINO,99,99-ALCANCE NACIONAL,1000000,1000000-DIRECCION GENERAL DE ADMINISTRACION Y FINANZAS,12,12 - REMUNERACIONES VARIAS,A,ACTIVIDAD,3384711200,3384711200,1844000,0,0,0,10,2025,2025-10-25
2025,12,12,12-PODER EJECUTIVO,8,008-MINISTERIO DE SALUD PÚBLICA Y BIENESTAR SOCIAL,51,51 - VICEMINISTERIO DE RECTORIA Y VIGILANCIA DE LA SALUD,2,2-PROGRAMAS SUSTANTIVOS,3,003 - SERVICIOS DE APOYO Y DIAGNOSTICO P/ LA MEJORA EN LA ATENCIÓN,0,  0 - *,3,003-SERVICIOS LABORATORIALES,300,300 - SERVICIOS SOCIALES,310,310 - SALUD,319,319-SALUD SIN DISCRIMINAR,,,,10,10-RECURSOS DEL TESORO,100,100-SERVICIOS PERSONALES,140,140-PERSONAL CONTRATADO,141,141-CONTRATACIÓN DE PERSONAL TÉCNICO,1,1 - GENUINO,99,99-ALCANCE NACIONAL,1000000,1000000-DIRECCION GENERAL DE ADMINISTRACION Y FINANZAS,12,12 - REMUNERACIONES VARIAS,A,ACTIVIDAD,83584800,83584800,12859200,0,0,0,10,2025,2025-10-25
2025,12,12,12-PODER EJECUTIVO,8,008-MINISTERIO DE SALUD PÚBLICA Y BIENESTAR SOCIAL,51,51 - VICEMINISTERIO DE RECTORIA Y VIGILANCIA DE LA SALUD,2,2-PROGRAMAS SUSTANTIVOS,3,003 - SERVICIOS DE APOYO Y DIAGNOSTICO P/ LA MEJORA EN LA ATENCIÓN,0,  0 - *,3,003-SERVICIOS LABORATORIALES,300,300 - SERVICIOS SOCIALES,310,310 - SALUD,319,319-SALUD SIN DISCRIMINAR,,,,30,30-RECURSOS INSTITUCIONALES,100,100-SERVICIOS PERSONALES,140,140-PERSONAL CONTRATADO,142,142-CONTRATACIÓN DE PERSONAL DE SALUD,63,63 - CONACYT,99,99-ALCANCE NACIONAL,1000000,1000000-DIRECCION GENERAL DE ADMINISTRACION Y FINANZAS,12,12 - REMUNERACIONES VARIAS,A,ACTIVIDAD,49920000,49920000,0,0,0,0,10,2025,2025-10-25
2025,12,12,12-PODER EJECUTIVO,8,008-MINISTERIO DE SALUD PÚBLICA Y BIENESTAR SOCIAL,51,51 - VICEMINISTERIO DE RECTORIA Y VIGILANCIA DE LA SALUD,2,2-PROGRAMAS SUSTANTIVOS,3,003 - SERVICIOS DE APOYO Y DIAGNOSTICO P/ LA MEJORA EN LA ATENCIÓN,0,  0 - *,3,003-SERVICIOS LABORATORIALES,300,300 - SERVICIOS SOCIALES,310,310 - SALUD,319,319-SALUD SIN DISCRIMINAR,,,,10,10-RECURSOS DEL TESORO,100,100-SERVICIOS PERSONALES,140,140-PERSONAL CONTRATADO,144,144-JORNALES,1,1 - GENUINO,99,99-ALCANCE NACIONAL,1000000,1000000-DIRECCION GENERAL DE ADMINISTRACION Y FINANZAS,12,12 - REMUNERACIONES VARIAS,A,ACTIVIDAD,1318505396,1318505396,3505396,0,0,0,10,2025,2025-10-25
2025,12,12,12-PODER EJECUTIVO,8,008-MINISTERIO DE SALUD PÚBLICA Y BIENESTAR SOCIAL,51,51 - VICEMINISTERIO DE RECTORIA Y VIGILANCIA DE LA SALUD,2,2-PROGRAMAS SUSTANTIVOS,3,003 - SERVICIOS DE APOYO Y DIAGNOSTICO P/ LA MEJORA EN LA ATENCIÓN,0,  0 - *,3,003-SERVICIOS LABORATORIALES,300,300 - SERVICIOS SOCIALES,310,310 - SALUD,319,319-SALUD SIN DISCRIMINAR,,,,10,10-RECURSOS DEL TESORO,100,100-SERVICIOS PERSONALES,140,140-PERSONAL CONTRATADO,145,145-HONORARIOS PROFESIONALES,1,1 - GENUINO,99,99-ALCANCE NACIONAL,1000000,1000000-DIRECCION GENERAL DE ADMINISTRACION Y FINANZAS,12,12 - REMUNERACIONES VARIAS,A,ACTIVIDAD,243469200,243469200,9344940,0,0,0,10,2025,2025-10-25
2025,12,12,12-PODER EJECUTIVO,8,008-MINISTERIO DE SALUD PÚBLICA Y BIENESTAR SOCIAL,41,41 - DIRECCIÓN GRAL. DE DES. DE LOS SERV.DE SALUD,2,2-PROGRAMAS SUSTANTIVOS,3,003 - SERVICIOS DE APOYO Y DIAGNOSTICO P/ LA MEJORA EN LA ATENCIÓN,0,  0 - *,1,"001-OBTENCIÓN, PRODUCCIÓN Y SUMINISTROS DE SANGRE",300,300 - SERVICIOS SOCIALES,310,310 - SALUD,319,319-SALUD SIN DISCRIMINAR,,,,10,10-RECURSOS DEL TESORO,100,100-SERVICIOS PERSONALES,130,130-ASIGNACIONES COMPLEMENTARIAS,133,133-BONIFICACIONES,1,1 - GENUINO,99,99-ALCANCE NACIONAL,1000000,1000000-DIRECCION GENERAL DE ADMINISTRACION Y FINANZAS,19,19 - OTROS SERVICIOS PERSONALES,A,ACTIVIDAD,687466659,687466659,82844772,0,0,0,10,2025,2025-10-25
2025,12,12,12-PODER EJECUTIVO,8,008-MINISTERIO DE SALUD PÚBLICA Y BIENESTAR SOCIAL,41,41 - DIRECCIÓN GRAL. DE DES. DE LOS SERV.DE SALUD,2,2-PROGRAMAS SUSTANTIVOS,3,003 - SERVICIOS DE APOYO Y DIAGNOSTICO P/ LA MEJORA EN LA ATENCIÓN,0,  0 - *,1,"001-OBTENCIÓN, PRODUCCIÓN Y SUMINISTROS DE SANGRE",300,300 - SERVICIOS SOCIALES,310,310 - SALUD,319,319-SALUD SIN DISCRIMINAR,,,,10,10-RECURSOS DEL TESORO,100,100-SERVICIOS PERSONALES,110,110-REMUNERACIONES BÁSICAS,111,111-SUELDOS,1,1 - GENUINO,99,99-ALCANCE NACIONAL,1000000,1000000-DIRECCION GENERAL DE ADMINISTRACION Y FINANZAS,11,11 - REMUNERACIONES BÁSICAS,A,ACTIVIDAD,1319856000,1319856000,109988000,0,0,0,10,2025,2025-10-25
2025,12,12,12-PODER EJECUTIVO,8,008-MINISTERIO DE SALUD PÚBLICA Y BIENESTAR SOCIAL,41,41 - DIRECCIÓN GRAL. DE DES. DE LOS SERV.DE SALUD,2,2-PROGRAMAS SUSTANTIVOS,3,003 - SERVICIOS DE APOYO Y DIAGNOSTICO P/ LA MEJORA EN LA ATENCIÓN,0,  0 - *,1,"001-OBTENCIÓN, PRODUCCIÓN Y SUMINISTROS DE SANGRE",300,300 - SERVICIOS SOCIALES,310,310 - SALUD,319,319-SALUD SIN DISCRIMINAR,,,,10,10-RECURSOS DEL TESORO,100,100-SERVICIOS PERSONALES,110,110-REMUNERACIONES BÁSICAS,113,113-GASTOS DE REPRESENTACIÓN,1,1 - GENUINO,99,99-ALCANCE NACIONAL,1000000,1000000-DIRECCION GENERAL DE ADMINISTRACION Y FINANZAS,11,11 - REMUNERACIONES BÁSICAS,A,ACTIVIDAD,38738400,38738400,3228200,0,0,0,10,2025,2025-10-25
2025,12,12,12-PODER EJECUTIVO,8,008-MINISTERIO DE SALUD PÚBLICA Y BIENESTAR SOCIAL,41,41 - DIRECCIÓN GRAL. DE DES. DE LOS SERV.DE SALUD,2,2-PROGRAMAS SUSTANTIVOS,3,003 - SERVICIOS DE APOYO Y DIAGNOSTICO P/ LA MEJORA EN LA ATENCIÓN,0,  0 - *,1,"001-OBTENCIÓN, PRODUCCIÓN Y SUMINISTROS DE SANGRE",300,300 - SERVICIOS SOCIALES,310,310 - SALUD,319,319-SALUD SIN DISCRIMINAR,,,,10,10-RECURSOS DEL TESORO,100,100-SERVICIOS PERSONALES,110,110-REMUNERACIONES BÁSICAS,114,114-AGUINALDO,1,1 - GENUINO,99,99-ALCANCE NACIONAL,1000000,1000000-DIRECCION GENERAL DE ADMINISTRACION Y FINANZAS,11,11 - REMUNERACIONES BÁSICAS,A,ACTIVIDAD,113216200,113216200,113216200,0,0,0,10,2025,2025-10-25
2025,12,12,12-PODER EJECUTIVO,8,008-MINISTERIO DE SALUD PÚBLICA Y BIENESTAR SOCIAL,41,41 - DIRECCIÓN GRAL. DE DES. DE LOS SERV.DE SALUD,2,2-PROGRAMAS SUSTANTIVOS,3,003 - SERVICIOS DE APOYO Y DIAGNOSTICO P/ LA MEJORA EN LA ATENCIÓN,0,  0 - *,1,"001-OBTENCIÓN, PRODUCCIÓN Y SUMINISTROS DE SANGRE",300,300 - SERVICIOS SOCIALES,310,310 - SALUD,319,319-SALUD SIN DISCRIMINAR,,,,10,10-RECURSOS DEL TESORO,100,100-SERVICIOS PERSONALES,140,140-PERSONAL CONTRATADO,142,142-CONTRATACIÓN DE PERSONAL DE SALUD,1,1 - GENUINO,99,99-ALCANCE NACIONAL,1000000,1000000-DIRECCION GENERAL DE ADMINISTRACION Y FINANZAS,12,12 - REMUNERACIONES VARIAS,A,ACTIVIDAD,1656158400,1692158400,4561600,0,0,0,10,2025,2025-10-25
2025,12,12,12-PODER EJECUTIVO,8,008-MINISTERIO DE SALUD PÚBLICA Y BIENESTAR SOCIAL,41,41 - DIRECCIÓN GRAL. DE DES. DE LOS SERV.DE SALUD,2,2-PROGRAMAS SUSTANTIVOS,3,003 - SERVICIOS DE APOYO Y DIAGNOSTICO P/ LA MEJORA EN LA ATENCIÓN,0,  0 - *,1,"001-OBTENCIÓN, PRODUCCIÓN Y SUMINISTROS DE SANGRE",300,300 - SERVICIOS SOCIALES,310,310 - SALUD,319,319-SALUD SIN DISCRIMINAR,,,,10,10-RECURSOS DEL TESORO,100,100-SERVICIOS PERSONALES,140,140-PERSONAL CONTRATADO,145,145-HONORARIOS PROFESIONALES,1,1 - GENUINO,99,99-ALCANCE NACIONAL,1000000,1000000-DIRECCION GENERAL DE ADMINISTRACION Y FINANZAS,12,12 - REMUNERACIONES VARIAS,A,ACTIVIDAD,52000000,52000000,3934400,0,0,0,10,2025,2025-10-25
2025,12,12,12-PODER EJECUTIVO,8,008-MINISTERIO DE SALUD PÚBLICA Y BIENESTAR SOCIAL,43,43 - DIR. GRAL DE VIGILANCIA DE LA SALUD,2,2-PROGRAMAS SUSTANTIVOS,3,003 - SERVICIOS DE APOYO Y DIAGNOSTICO P/ LA MEJORA EN LA ATENCIÓN,0,  0 - *,4,004-GESTIONES INTEGRADAS PARA LA PROVISIÓN DE BIOLÓGICOS,300,300 - SERVICIOS SOCIALES,310,310 - SALUD,319,319-SALUD SIN DISCRIMINAR,,,,10,10-RECURSOS DEL TESORO,100,100-SERVICIOS PERSONALES,140,140-PERSONAL CONTRATADO,144,144-JORNALES,1,1 - GENUINO,99,99-ALCANCE NACIONAL,1000000,1000000-DIRECCION GENERAL DE ADMINISTRACION Y FINANZAS,12,12 - REMUNERACIONES VARIAS,A,ACTIVIDAD,1039081459,1039081459,1081459,0,0,0,6,2025,2025-06-25
2025,12,12,12-PODER EJECUTIVO,8,008-MINISTERIO DE SALUD PÚBLICA Y BIENESTAR SOCIAL,41,41 - DIRECCIÓN GRAL. DE DES. DE LOS SERV.DE SALUD,2,2-PROGRAMAS SUSTANTIVOS,3,003 - SERVICIOS DE APOYO Y DIAGNOSTICO P/ LA MEJORA EN LA ATENCIÓN,0,  0 - *,1,"001-OBTENCIÓN, PRODUCCIÓN Y SUMINISTROS DE SANGRE",300,300 - SERVICIOS SOCIALES,310,310 - SALUD,319,319-SALUD SIN DISCRIMINAR,,,,10,10-RECURSOS DEL TESORO,100,100-SERVICIOS PERSONALES,110,110-REMUNERACIONES BÁSICAS,114,114-AGUINALDO,1,1 - GENUINO,99,99-ALCANCE NACIONAL,1000000,1000000-DIRECCION GENERAL DE ADMINISTRACION Y FINANZAS,11,11 - REMUNERACIONES BÁSICAS,A,ACTIVIDAD,113216200,113216200,113216200,0,0,0,6,2025,2025-06-25
2025,12,12,12-PODER EJECUTIVO,8,008-MINISTERIO DE SALUD PÚBLICA Y BIENESTAR SOCIAL,41,41 - DIRECCIÓN GRAL. DE DES. DE LOS SERV.DE SALUD,2,2-PROGRAMAS SUSTANTIVOS,3,003 - SERVICIOS DE APOYO Y DIAGNOSTICO P/ LA MEJORA EN LA ATENCIÓN,0,  0 - *,1,"001-OBTENCIÓN, PRODUCCIÓN Y SUMINISTROS DE SANGRE",300,300 - SERVICIOS SOCIALES,310,310 - SALUD,319,319-SALUD SIN DISCRIMINAR,,,,10,10-RECURSOS DEL TESORO,100,100-SERVICIOS PERSONALES,110,110-REMUNERACIONES BÁSICAS,111,111-SUELDOS,1,1 - GENUINO,99,99-ALCANCE NACIONAL,1000000,1000000-DIRECCION GENERAL DE ADMINISTRACION Y FINANZAS,11,11 - REMUNERACIONES BÁSICAS,A,ACTIVIDAD,1319856000,1319856000,109988000,0,0,0,6,2025,2025-06-25
2025,12,12,12-PODER EJECUTIVO,8,008-MINISTERIO DE SALUD PÚBLICA Y BIENESTAR SOCIAL,41,41 - DIRECCIÓN GRAL. DE DES. DE LOS SERV.DE SALUD,2,2-PROGRAMAS SUSTANTIVOS,3,003 - SERVICIOS DE APOYO Y DIAGNOSTICO P/ LA MEJORA EN LA ATENCIÓN,0,  0 - *,1,"001-OBTENCIÓN, PRODUCCIÓN Y SUMINISTROS DE SANGRE",300,300 - SERVICIOS SOCIALES,310,310 - SALUD,319,319-SALUD SIN DISCRIMINAR,,,,10,10-RECURSOS DEL TESORO,100,100-SERVICIOS PERSONALES,110,110-REMUNERACIONES BÁSICAS,113,113-GASTOS DE REPRESENTACIÓN,1,1 - GENUINO,99,99-ALCANCE NACIONAL,1000000,1000000-DIRECCION GENERAL DE ADMINISTRACION Y FINANZAS,11,11 - REMUNERACIONES BÁSICAS,A,ACTIVIDAD,38738400,38738400,3228200,0,0,0,6,2025,2025-06-25
2025,12,12,12-PODER EJECUTIVO,8,008-MINISTERIO DE SALUD PÚBLICA Y BIENESTAR SOCIAL,41,41 - DIRECCIÓN GRAL. DE DES. DE LOS SERV.DE SALUD,2,2-PROGRAMAS SUSTANTIVOS,3,003 - SERVICIOS DE APOYO Y DIAGNOSTICO P/ LA MEJORA EN LA ATENCIÓN,0,  0 - *,1,"001-OBTENCIÓN, PRODUCCIÓN Y SUMINISTROS DE SANGRE",300,300 - SERVICIOS SOCIALES,310,310 - SALUD,319,319-SALUD SIN DISCRIMINAR,,,,10,10-RECURSOS DEL TESORO,100,100-SERVICIOS PERSONALES,130,130-ASIGNACIONES COMPLEMENTARIAS,133,133-BONIFICACIONES,1,1 - GENUINO,99,99-ALCANCE NACIONAL,1000000,1000000-DIRECCION GENERAL DE ADMINISTRACION Y FINANZAS,19,19 - OTROS SERVICIOS PERSONALES,A,ACTIVIDAD,687466659,687466659,86566239,0,0,0,6,2025,2025-06-25
2025,12,12,12-PODER EJECUTIVO,8,008-MINISTERIO DE SALUD PÚBLICA Y BIENESTAR SOCIAL,41,41 - DIRECCIÓN GRAL. DE DES. DE LOS SERV.DE SALUD,2,2-PROGRAMAS SUSTANTIVOS,3,003 - SERVICIOS DE APOYO Y DIAGNOSTICO P/ LA MEJORA EN LA ATENCIÓN,0,  0 - *,1,"001-OBTENCIÓN, PRODUCCIÓN Y SUMINISTROS DE SANGRE",300,300 - SERVICIOS SOCIALES,310,310 - SALUD,319,319-SALUD SIN DISCRIMINAR,,,,10,10-RECURSOS DEL TESORO,100,100-SERVICIOS PERSONALES,140,140-PERSONAL CONTRATADO,142,142-CONTRATACIÓN DE PERSONAL DE SALUD,1,1 - GENUINO,99,99-ALCANCE NACIONAL,1000000,1000000-DIRECCION GENERAL DE ADMINISTRACION Y FINANZAS,12,12 - REMUNERACIONES VARIAS,A,ACTIVIDAD,1656158400,1656158400,4561600,0,0,0,6,2025,2025-06-25
2025,12,12,12-PODER EJECUTIVO,8,008-MINISTERIO DE SALUD PÚBLICA Y BIENESTAR SOCIAL,41,41 - DIRECCIÓN GRAL. DE DES. DE LOS SERV.DE SALUD,2,2-PROGRAMAS SUSTANTIVOS,3,003 - SERVICIOS DE APOYO Y DIAGNOSTICO P/ LA MEJORA EN LA ATENCIÓN,0,  0 - *,1,"001-OBTENCIÓN, PRODUCCIÓN Y SUMINISTROS DE SANGRE",300,300 - SERVICIOS SOCIALES,310,310 - SALUD,319,319-SALUD SIN DISCRIMINAR,,,,10,10-RECURSOS DEL TESORO,100,100-SERVICIOS PERSONALES,140,140-PERSONAL CONTRATADO,145,145-HONORARIOS PROFESIONALES,1,1 - GENUINO,99,99-ALCANCE NACIONAL,1000000,1000000-DIRECCION GENERAL DE ADMINISTRACION Y FINANZAS,12,12 - REMUNERACIONES VARIAS,A,ACTIVIDAD,52000000,52000000,3934400,0,0,0,6,2025,2025-06-25
2025,12,12,12-PODER EJECUTIVO,8,008-MINISTERIO DE SALUD PÚBLICA Y BIENESTAR SOCIAL,43,43 - DIR. GRAL DE VIGILANCIA DE LA SALUD,2,2-PROGRAMAS SUSTANTIVOS,3,003 - SERVICIOS DE APOYO Y DIAGNOSTICO P/ LA MEJORA EN LA ATENCIÓN,0,  0 - *,4,004-GESTIONES INTEGRADAS PARA LA PROVISIÓN DE BIOLÓGICOS,300,300 - SERVICIOS SOCIALES,310,310 - SALUD,319,319-SALUD SIN DISCRIMINAR,,,,10,10-RECURSOS DEL TESORO,100,100-SERVICIOS PERSONALES,140,140-PERSONAL CONTRATADO,145,145-HONORARIOS PROFESIONALES,1,1 - GENUINO,99,99-ALCANCE NACIONAL,1000000,1000000-DIRECCION GENERAL DE ADMINISTRACION Y FINANZAS,12,12 - REMUNERACIONES VARIAS,A,ACTIVIDAD,0,0,0,0,0,0,6,2025,2025-06-25
2025,12,12,12-PODER EJECUTIVO,8,008-MINISTERIO DE SALUD PÚBLICA Y BIENESTAR SOCIAL,41,41 - DIRECCIÓN GRAL. DE DES. DE LOS SERV.DE SALUD,2,2-PROGRAMAS SUSTANTIVOS,3,003 - SERVICIOS DE APOYO Y DIAGNOSTICO P/ LA MEJORA EN LA ATENCIÓN,0,  0 - *,1,"001-OBTENCIÓN, PRODUCCIÓN Y SUMINISTROS DE SANGRE",300,300 - SERVICIOS SOCIALES,310,310 - SALUD,319,319-SALUD SIN DISCRIMINAR,,,,10,10-RECURSOS DEL TESORO,100,100-SERVICIOS PERSONALES,140,140-PERSONAL CONTRATADO,144,144-JORNALES,1,1 - GENUINO,99,99-ALCANCE NACIONAL,1000000,1000000-DIRECCION GENERAL DE ADMINISTRACION Y FINANZAS,12,12 - REMUNERACIONES VARIAS,A,ACTIVIDAD,441162800,441162800,162800,0,0,0,6,2025,2025-06-25
2025,12,12,12-PODER EJECUTIVO,8,008-MINISTERIO DE SALUD PÚBLICA Y BIENESTAR SOCIAL,41,41 - DIRECCIÓN GRAL. DE DES. DE LOS SERV.DE SALUD,2,2-PROGRAMAS SUSTANTIVOS,3,003 - SERVICIOS DE APOYO Y DIAGNOSTICO P/ LA MEJORA EN LA ATENCIÓN,0,  0 - *,1,"001-OBTENCIÓN, PRODUCCIÓN Y SUMINISTROS DE SANGRE",300,300 - SERVICIOS SOCIALES,310,310 - SALUD,319,319-SALUD SIN DISCRIMINAR,,,,10,10-RECURSOS DEL TESORO,100,100-SERVICIOS PERSONALES,140,140-PERSONAL CONTRATADO,144,144-JORNALES,1,1 - GENUINO,99,99-ALCANCE NACIONAL,1000000,1000000-DIRECCION GENERAL DE ADMINISTRACION Y FINANZAS,12,12 - REMUNERACIONES VARIAS,A,ACTIVIDAD,441162800,441162800,162800,0,0,0,10,2025,2025-10-25
2025,12,12,12-PODER EJECUTIVO,8,008-MINISTERIO DE SALUD PÚBLICA Y BIENESTAR SOCIAL,51,51 - VICEMINISTERIO DE RECTORIA Y VIGILANCIA DE LA SALUD,2,2-PROGRAMAS SUSTANTIVOS,3,003 - SERVICIOS DE APOYO Y DIAGNOSTICO P/ LA MEJORA EN LA ATENCIÓN,0,  0 - *,3,003-SERVICIOS LABORATORIALES,300,300 - SERVICIOS SOCIALES,310,310 - SALUD,319,319-SALUD SIN DISCRIMINAR,,,,30,30-RECURSOS INSTITUCIONALES,100,100-SERVICIOS PERSONALES,140,140-PERSONAL CONTRATADO,141,141-CONTRATACIÓN DE PERSONAL TÉCNICO,63,63 - CONACYT,99,99-ALCANCE NACIONAL,1000000,1000000-DIRECCION GENERAL DE ADMINISTRACION Y FINANZAS,12,12 - REMUNERACIONES VARIAS,A,ACTIVIDAD,0,6987500,537500,0,0,0,10,2025,2025-10-25
2025,12,12,12-PODER EJECUTIVO,8,008-MINISTERIO DE SALUD PÚBLICA Y BIENESTAR SOCIAL,51,51 - VICEMINISTERIO DE RECTORIA Y VIGILANCIA DE LA SALUD,2,2-PROGRAMAS SUSTANTIVOS,3,003 - SERVICIOS DE APOYO Y DIAGNOSTICO P/ LA MEJORA EN LA ATENCIÓN,0,  0 - *,3,003-SERVICIOS LABORATORIALES,300,300 - SERVICIOS SOCIALES,310,310 - SALUD,319,319-SALUD SIN DISCRIMINAR,,,,30,30-RECURSOS INSTITUCIONALES,100,100-SERVICIOS PERSONALES,140,140-PERSONAL CONTRATADO,145,145-HONORARIOS PROFESIONALES,63,63 - CONACYT,99,99-ALCANCE NACIONAL,1000000,1000000-DIRECCION GENERAL DE ADMINISTRACION Y FINANZAS,12,12 - REMUNERACIONES VARIAS,A,ACTIVIDAD,0,4200000,1125000,0,0,0,10,2025,2025-10-25
2025,12,12,12-PODER EJECUTIVO,8,008-MINISTERIO DE SALUD PÚBLICA Y BIENESTAR SOCIAL,43,43 - DIR. GRAL DE VIGILANCIA DE LA SALUD,2,2-PROGRAMAS SUSTANTIVOS,3,003 - SERVICIOS DE APOYO Y DIAGNOSTICO P/ LA MEJORA EN LA ATENCIÓN,0,  0 - *,4,004-GESTIONES INTEGRADAS PARA LA PROVISIÓN DE BIOLÓGICOS,300,300 - SERVICIOS SOCIALES,310,310 - SALUD,319,319-SALUD SIN DISCRIMINAR,,,,10,10-RECURSOS DEL TESORO,100,100-SERVICIOS PERSONALES,110,110-REMUNERACIONES BÁSICAS,114,114-AGUINALDO,1,1 - GENUINO,99,99-ALCANCE NACIONAL,1000000,1000000-DIRECCION GENERAL DE ADMINISTRACION Y FINANZAS,11,11 - REMUNERACIONES BÁSICAS,A,ACTIVIDAD,109928200,109928200,109928200,0,0,0,10,2025,2025-10-25
2025,12,12,12-PODER EJECUTIVO,8,008-MINISTERIO DE SALUD PÚBLICA Y BIENESTAR SOCIAL,51,51 - VICEMINISTERIO DE RECTORIA Y VIGILANCIA DE LA SALUD,2,2-PROGRAMAS SUSTANTIVOS,3,003 - SERVICIOS DE APOYO Y DIAGNOSTICO P/ LA MEJORA EN LA ATENCIÓN,0,  0 - *,3,003-SERVICIOS LABORATORIALES,300,300 - SERVICIOS SOCIALES,310,310 - SALUD,319,319-SALUD SIN DISCRIMINAR,,,,10,10-RECURSOS DEL TESORO,100,100-SERVICIOS PERSONALES,140,140-PERSONAL CONTRATADO,145,145-HONORARIOS PROFESIONALES,1,1 - GENUINO,99,99-ALCANCE NACIONAL,1000000,1000000-DIRECCION GENERAL DE ADMINISTRACION Y FINANZAS,12,12 - REMUNERACIONES VARIAS,A,ACTIVIDAD,243469200,243469200,32969200,0,0,0,9,2025,2025-09-25
2025,12,12,12-PODER EJECUTIVO,8,008-MINISTERIO DE SALUD PÚBLICA Y BIENESTAR SOCIAL,51,51 - VICEMINISTERIO DE RECTORIA Y VIGILANCIA DE LA SALUD,2,2-PROGRAMAS SUSTANTIVOS,3,003 - SERVICIOS DE APOYO Y DIAGNOSTICO P/ LA MEJORA EN LA ATENCIÓN,0,  0 - *,3,003-SERVICIOS LABORATORIALES,300,300 - SERVICIOS SOCIALES,310,310 - SALUD,319,319-SALUD SIN DISCRIMINAR,,,,10,10-RECURSOS DEL TESORO,100,100-SERVICIOS PERSONALES,140,140-PERSONAL CONTRATADO,142,142-CONTRATACIÓN DE PERSONAL DE SALUD,1,1 - GENUINO,99,99-ALCANCE NACIONAL,1000000,1000000-DIRECCION GENERAL DE ADMINISTRACION Y FINANZAS,12,12 - REMUNERACIONES VARIAS,A,ACTIVIDAD,3384711200,3384711200,1844000,0,0,0,9,2025,2025-09-25
2025,12,12,12-PODER EJECUTIVO,8,008-MINISTERIO DE SALUD PÚBLICA Y BIENESTAR SOCIAL,51,51 - VICEMINISTERIO DE RECTORIA Y VIGILANCIA DE LA SALUD,2,2-PROGRAMAS SUSTANTIVOS,3,003 - SERVICIOS DE APOYO Y DIAGNOSTICO P/ LA MEJORA EN LA ATENCIÓN,0,  0 - *,3,003-SERVICIOS LABORATORIALES,300,300 - SERVICIOS SOCIALES,310,310 - SALUD,319,319-SALUD SIN DISCRIMINAR,,,,30,30-RECURSOS INSTITUCIONALES,100,100-SERVICIOS PERSONALES,140,140-PERSONAL CONTRATADO,142,142-CONTRATACIÓN DE PERSONAL DE SALUD,63,63 - CONACYT,99,99-ALCANCE NACIONAL,1000000,1000000-DIRECCION GENERAL DE ADMINISTRACION Y FINANZAS,12,12 - REMUNERACIONES VARIAS,A,ACTIVIDAD,49920000,49920000,0,0,0,0,9,2025,2025-09-25
2025,12,12,12-PODER EJECUTIVO,8,008-MINISTERIO DE SALUD PÚBLICA Y BIENESTAR SOCIAL,51,51 - VICEMINISTERIO DE RECTORIA Y VIGILANCIA DE LA SALUD,2,2-PROGRAMAS SUSTANTIVOS,3,003 - SERVICIOS DE APOYO Y DIAGNOSTICO P/ LA MEJORA EN LA ATENCIÓN,0,  0 - *,3,003-SERVICIOS LABORATORIALES,300,300 - SERVICIOS SOCIALES,310,310 - SALUD,319,319-SALUD SIN DISCRIMINAR,,,,10,10-RECURSOS DEL TESORO,100,100-SERVICIOS PERSONALES,140,140-PERSONAL CONTRATADO,144,144-JORNALES,1,1 - GENUINO,99,99-ALCANCE NACIONAL,1000000,1000000-DIRECCION GENERAL DE ADMINISTRACION Y FINANZAS,12,12 - REMUNERACIONES VARIAS,A,ACTIVIDAD,1318505396,1318505396,3505396,0,0,0,9,2025,2025-09-25
2025,12,12,12-PODER EJECUTIVO,8,008-MINISTERIO DE SALUD PÚBLICA Y BIENESTAR SOCIAL,41,41 - DIRECCIÓN GRAL. DE DES. DE LOS SERV.DE SALUD,2,2-PROGRAMAS SUSTANTIVOS,3,003 - SERVICIOS DE APOYO Y DIAGNOSTICO P/ LA MEJORA EN LA ATENCIÓN,0,  0 - *,1,"001-OBTENCIÓN, PRODUCCIÓN Y SUMINISTROS DE SANGRE",300,300 - SERVICIOS SOCIALES,310,310 - SALUD,319,319-SALUD SIN DISCRIMINAR,,,,10,10-RECURSOS DEL TESORO,100,100-SERVICIOS PERSONALES,110,110-REMUNERACIONES BÁSICAS,111,111-SUELDOS,1,1 - GENUINO,99,99-ALCANCE NACIONAL,1000000,1000000-DIRECCION GENERAL DE ADMINISTRACION Y FINANZAS,11,11 - REMUNERACIONES BÁSICAS,A,ACTIVIDAD,1319856000,1319856000,109988000,0,0,0,9,2025,2025-09-25
2025,12,12,12-PODER EJECUTIVO,8,008-MINISTERIO DE SALUD PÚBLICA Y BIENESTAR SOCIAL,41,41 - DIRECCIÓN GRAL. DE DES. DE LOS SERV.DE SALUD,2,2-PROGRAMAS SUSTANTIVOS,3,003 - SERVICIOS DE APOYO Y DIAGNOSTICO P/ LA MEJORA EN LA ATENCIÓN,0,  0 - *,1,"001-OBTENCIÓN, PRODUCCIÓN Y SUMINISTROS DE SANGRE",300,300 - SERVICIOS SOCIALES,310,310 - SALUD,319,319-SALUD SIN DISCRIMINAR,,,,10,10-RECURSOS DEL TESORO,100,100-SERVICIOS PERSONALES,140,140-PERSONAL CONTRATADO,144,144-JORNALES,1,1 - GENUINO,99,99-ALCANCE NACIONAL,1000000,1000000-DIRECCION GENERAL DE ADMINISTRACION Y FINANZAS,12,12 - REMUNERACIONES VARIAS,A,ACTIVIDAD,441162800,441162800,162800,0,0,0,9,2025,2025-09-25
2025,12,12,12-PODER EJECUTIVO,8,008-MINISTERIO DE SALUD PÚBLICA Y BIENESTAR SOCIAL,41,41 - DIRECCIÓN GRAL. DE DES. DE LOS SERV.DE SALUD,2,2-PROGRAMAS SUSTANTIVOS,3,003 - SERVICIOS DE APOYO Y DIAGNOSTICO P/ LA MEJORA EN LA ATENCIÓN,0,  0 - *,1,"001-OBTENCIÓN, PRODUCCIÓN Y SUMINISTROS DE SANGRE",300,300 - SERVICIOS SOCIALES,310,310 - SALUD,319,319-SALUD SIN DISCRIMINAR,,,,10,10-RECURSOS DEL TESORO,100,100-SERVICIOS PERSONALES,110,110-REMUNERACIONES BÁSICAS,114,114-AGUINALDO,1,1 - GENUINO,99,99-ALCANCE NACIONAL,1000000,1000000-DIRECCION GENERAL DE ADMINISTRACION Y FINANZAS,11,11 - REMUNERACIONES BÁSICAS,A,ACTIVIDAD,113216200,113216200,113216200,0,0,0,9,2025,2025-09-25
2025,12,12,12-PODER EJECUTIVO,8,008-MINISTERIO DE SALUD PÚBLICA Y BIENESTAR SOCIAL,41,41 - DIRECCIÓN GRAL. DE DES. DE LOS SERV.DE SALUD,2,2-PROGRAMAS SUSTANTIVOS,3,003 - SERVICIOS DE APOYO Y DIAGNOSTICO P/ LA MEJORA EN LA ATENCIÓN,0,  0 - *,1,"001-OBTENCIÓN, PRODUCCIÓN Y SUMINISTROS DE SANGRE",300,300 - SERVICIOS SOCIALES,310,310 - SALUD,319,319-SALUD SIN DISCRIMINAR,,,,10,10-RECURSOS DEL TESORO,100,100-SERVICIOS PERSONALES,110,110-REMUNERACIONES BÁSICAS,113,113-GASTOS DE REPRESENTACIÓN,1,1 - GENUINO,99,99-ALCANCE NACIONAL,1000000,1000000-DIRECCION GENERAL DE ADMINISTRACION Y FINANZAS,11,11 - REMUNERACIONES BÁSICAS,A,ACTIVIDAD,38738400,38738400,3228200,0,0,0,9,2025,2025-09-25
2025,12,12,12-PODER EJECUTIVO,8,008-MINISTERIO DE SALUD PÚBLICA Y BIENESTAR SOCIAL,41,41 - DIRECCIÓN GRAL. DE DES. DE LOS SERV.DE SALUD,2,2-PROGRAMAS SUSTANTIVOS,3,003 - SERVICIOS DE APOYO Y DIAGNOSTICO P/ LA MEJORA EN LA ATENCIÓN,0,  0 - *,1,"001-OBTENCIÓN, PRODUCCIÓN Y SUMINISTROS DE SANGRE",300,300 - SERVICIOS SOCIALES,310,310 - SALUD,319,319-SALUD SIN DISCRIMINAR,,,,10,10-RECURSOS DEL TESORO,100,100-SERVICIOS PERSONALES,130,130-ASIGNACIONES COMPLEMENTARIAS,133,133-BONIFICACIONES,1,1 - GENUINO,99,99-ALCANCE NACIONAL,1000000,1000000-DIRECCION GENERAL DE ADMINISTRACION Y FINANZAS,19,19 - OTROS SERVICIOS PERSONALES,A,ACTIVIDAD,687466659,687466659,86566239,0,0,0,9,2025,2025-09-25
2025,12,12,12-PODER EJECUTIVO,8,008-MINISTERIO DE SALUD PÚBLICA Y BIENESTAR SOCIAL,41,41 - DIRECCIÓN GRAL. DE DES. DE LOS SERV.DE SALUD,2,2-PROGRAMAS SUSTANTIVOS,3,003 - SERVICIOS DE APOYO Y DIAGNOSTICO P/ LA MEJORA EN LA ATENCIÓN,0,  0 - *,1,"001-OBTENCIÓN, PRODUCCIÓN Y SUMINISTROS DE SANGRE",300,300 - SERVICIOS SOCIALES,310,310 - SALUD,319,319-SALUD SIN DISCRIMINAR,,,,10,10-RECURSOS DEL TESORO,100,100-SERVICIOS PERSONALES,140,140-PERSONAL CONTRATADO,142,142-CONTRATACIÓN DE PERSONAL DE SALUD,1,1 - GENUINO,99,99-ALCANCE NACIONAL,1000000,1000000-DIRECCION GENERAL DE ADMINISTRACION Y FINANZAS,12,12 - REMUNERACIONES VARIAS,A,ACTIVIDAD,1656158400,1692158400,4561600,0,0,0,9,2025,2025-09-25
2025,12,12,12-PODER EJECUTIVO,8,008-MINISTERIO DE SALUD PÚBLICA Y BIENESTAR SOCIAL,41,41 - DIRECCIÓN GRAL. DE DES. DE LOS SERV.DE SALUD,2,2-PROGRAMAS SUSTANTIVOS,3,003 - SERVICIOS DE APOYO Y DIAGNOSTICO P/ LA MEJORA EN LA ATENCIÓN,0,  0 - *,1,"001-OBTENCIÓN, PRODUCCIÓN Y SUMINISTROS DE SANGRE",300,300 - SERVICIOS SOCIALES,310,310 - SALUD,319,319-SALUD SIN DISCRIMINAR,,,,10,10-RECURSOS DEL TESORO,100,100-SERVICIOS PERSONALES,140,140-PERSONAL CONTRATADO,145,145-HONORARIOS PROFESIONALES,1,1 - GENUINO,99,99-ALCANCE NACIONAL,1000000,1000000-DIRECCION GENERAL DE ADMINISTRACION Y FINANZAS,12,12 - REMUNERACIONES VARIAS,A,ACTIVIDAD,52000000,52000000,3934400,0,0,0,9,2025,2025-09-25
2025,12,12,12-PODER EJECUTIVO,8,008-MINISTERIO DE SALUD PÚBLICA Y BIENESTAR SOCIAL,43,43 - DIR. GRAL DE VIGILANCIA DE LA SALUD,2,2-PROGRAMAS SUSTANTIVOS,3,003 - SERVICIOS DE APOYO Y DIAGNOSTICO P/ LA MEJORA EN LA ATENCIÓN,0,  0 - *,4,004-GESTIONES INTEGRADAS PARA LA PROVISIÓN DE BIOLÓGICOS,300,300 - SERVICIOS SOCIALES,310,310 - SALUD,319,319-SALUD SIN DISCRIMINAR,,,,10,10-RECURSOS DEL TESORO,100,100-SERVICIOS PERSONALES,110,110-REMUNERACIONES BÁSICAS,114,114-AGUINALDO,1,1 - GENUINO,99,99-ALCANCE NACIONAL,1000000,1000000-DIRECCION GENERAL DE ADMINISTRACION Y FINANZAS,11,11 - REMUNERACIONES BÁSICAS,A,ACTIVIDAD,109928200,109928200,109928200,0,0,0,9,2025,2025-09-25
2025,12,12,12-PODER EJECUTIVO,8,008-MINISTERIO DE SALUD PÚBLICA Y BIENESTAR SOCIAL,51,51 - VICEMINISTERIO DE RECTORIA Y VIGILANCIA DE LA SALUD,2,2-PROGRAMAS SUSTANTIVOS,3,003 - SERVICIOS DE APOYO Y DIAGNOSTICO P/ LA MEJORA EN LA ATENCIÓN,0,  0 - *,3,003-SERVICIOS LABORATORIALES,300,300 - SERVICIOS SOCIALES,310,310 - SALUD,319,319-SALUD SIN DISCRIMINAR,,,,30,30-RECURSOS INSTITUCIONALES,100,100-SERVICIOS PERSONALES,140,140-PERSONAL CONTRATADO,144,144-JORNALES,63,63 - CONACYT,99,99-ALCANCE NACIONAL,1000000,1000000-DIRECCION GENERAL DE ADMINISTRACION Y FINANZAS,12,12 - REMUNERACIONES VARIAS,A,ACTIVIDAD,0,13275000,4155000,0,0,0,10,2025,2025-10-25
2025,12,12,12-PODER EJECUTIVO,8,008-MINISTERIO DE SALUD PÚBLICA Y BIENESTAR SOCIAL,51,51 - VICEMINISTERIO DE RECTORIA Y VIGILANCIA DE LA SALUD,2,2-PROGRAMAS SUSTANTIVOS,3,003 - SERVICIOS DE APOYO Y DIAGNOSTICO P/ LA MEJORA EN LA ATENCIÓN,0,  0 - *,3,003-SERVICIOS LABORATORIALES,300,300 - SERVICIOS SOCIALES,310,310 - SALUD,319,319-SALUD SIN DISCRIMINAR,,,,30,30-RECURSOS INSTITUCIONALES,100,100-SERVICIOS PERSONALES,140,140-PERSONAL CONTRATADO,141,141-CONTRATACIÓN DE PERSONAL TÉCNICO,63,63 - CONACYT,99,99-ALCANCE NACIONAL,1000000,1000000-DIRECCION GENERAL DE ADMINISTRACION Y FINANZAS,12,12 - REMUNERACIONES VARIAS,A,ACTIVIDAD,0,6987500,537500,0,0,0,9,2025,2025-09-25
2025,12,12,12-PODER EJECUTIVO,8,008-MINISTERIO DE SALUD PÚBLICA Y BIENESTAR SOCIAL,51,51 - VICEMINISTERIO DE RECTORIA Y VIGILANCIA DE LA SALUD,2,2-PROGRAMAS SUSTANTIVOS,3,003 - SERVICIOS DE APOYO Y DIAGNOSTICO P/ LA MEJORA EN LA ATENCIÓN,0,  0 - *,3,003-SERVICIOS LABORATORIALES,300,300 - SERVICIOS SOCIALES,310,310 - SALUD,319,319-SALUD SIN DISCRIMINAR,,,,30,30-RECURSOS INSTITUCIONALES,100,100-SERVICIOS PERSONALES,140,140-PERSONAL CONTRATADO,145,145-HONORARIOS PROFESIONALES,63,63 - CONACYT,99,99-ALCANCE NACIONAL,1000000,1000000-DIRECCION GENERAL DE ADMINISTRACION Y FINANZAS,12,12 - REMUNERACIONES VARIAS,A,ACTIVIDAD,0,14625000,1125000,0,0,0,9,2025,2025-09-25
2025,12,12,12-PODER EJECUTIVO,8,008-MINISTERIO DE SALUD PÚBLICA Y BIENESTAR SOCIAL,43,43 - DIR. GRAL DE VIGILANCIA DE LA SALUD,2,2-PROGRAMAS SUSTANTIVOS,3,003 - SERVICIOS DE APOYO Y DIAGNOSTICO P/ LA MEJORA EN LA ATENCIÓN,0,  0 - *,4,004-GESTIONES INTEGRADAS PARA LA PROVISIÓN DE BIOLÓGICOS,300,300 - SERVICIOS SOCIALES,310,310 - SALUD,319,319-SALUD SIN DISCRIMINAR,,,,10,10-RECURSOS DEL TESORO,100,100-SERVICIOS PERSONALES,110,110-REMUNERACIONES BÁSICAS,113,113-GASTOS DE REPRESENTACIÓN,1,1 - GENUINO,99,99-ALCANCE NACIONAL,1000000,1000000-DIRECCION GENERAL DE ADMINISTRACION Y FINANZAS,11,11 - REMUNERACIONES BÁSICAS,A,ACTIVIDAD,38738400,38738400,3228200,0,0,0,9,2025,2025-09-25
2025,12,12,12-PODER EJECUTIVO,8,008-MINISTERIO DE SALUD PÚBLICA Y BIENESTAR SOCIAL,51,51 - VICEMINISTERIO DE RECTORIA Y VIGILANCIA DE LA SALUD,2,2-PROGRAMAS SUSTANTIVOS,3,003 - SERVICIOS DE APOYO Y DIAGNOSTICO P/ LA MEJORA EN LA ATENCIÓN,0,  0 - *,2,002-HABILITACIÓN Y CONTROL DE LABORATORIOS DE ANALISIS CLÍNICOS,300,300 - SERVICIOS SOCIALES,310,310 - SALUD,319,319-SALUD SIN DISCRIMINAR,,,,10,10-RECURSOS DEL TESORO,100,100-SERVICIOS PERSONALES,110,110-REMUNERACIONES BÁSICAS,111,111-SUELDOS,1,1 - GENUINO,99,99-ALCANCE NACIONAL,1000000,1000000-DIRECCION GENERAL DE ADMINISTRACION Y FINANZAS,11,11 - REMUNERACIONES BÁSICAS,A,ACTIVIDAD,5855448000,5855448000,487954000,0,0,0,9,2025,2025-09-25
2025,12,12,12-PODER EJECUTIVO,8,008-MINISTERIO DE SALUD PÚBLICA Y BIENESTAR SOCIAL,51,51 - VICEMINISTERIO DE RECTORIA Y VIGILANCIA DE LA SALUD,2,2-PROGRAMAS SUSTANTIVOS,3,003 - SERVICIOS DE APOYO Y DIAGNOSTICO P/ LA MEJORA EN LA ATENCIÓN,0,  0 - *,2,002-HABILITACIÓN Y CONTROL DE LABORATORIOS DE ANALISIS CLÍNICOS,300,300 - SERVICIOS SOCIALES,310,310 - SALUD,319,319-SALUD SIN DISCRIMINAR,,,,10,10-RECURSOS DEL TESORO,100,100-SERVICIOS PERSONALES,110,110-REMUNERACIONES BÁSICAS,113,113-GASTOS DE REPRESENTACIÓN,1,1 - GENUINO,99,99-ALCANCE NACIONAL,1000000,1000000-DIRECCION GENERAL DE ADMINISTRACION Y FINANZAS,11,11 - REMUNERACIONES BÁSICAS,A,ACTIVIDAD,77476800,77476800,6456400,0,0,0,9,2025,2025-09-25
2025,12,12,12-PODER EJECUTIVO,8,008-MINISTERIO DE SALUD PÚBLICA Y BIENESTAR SOCIAL,51,51 - VICEMINISTERIO DE RECTORIA Y VIGILANCIA DE LA SALUD,2,2-PROGRAMAS SUSTANTIVOS,3,003 - SERVICIOS DE APOYO Y DIAGNOSTICO P/ LA MEJORA EN LA ATENCIÓN,0,  0 - *,2,002-HABILITACIÓN Y CONTROL DE LABORATORIOS DE ANALISIS CLÍNICOS,300,300 - SERVICIOS SOCIALES,310,310 - SALUD,319,319-SALUD SIN DISCRIMINAR,,,,10,10-RECURSOS DEL TESORO,100,100-SERVICIOS PERSONALES,110,110-REMUNERACIONES BÁSICAS,114,114-AGUINALDO,1,1 - GENUINO,99,99-ALCANCE NACIONAL,1000000,1000000-DIRECCION GENERAL DE ADMINISTRACION Y FINANZAS,11,11 - REMUNERACIONES BÁSICAS,A,ACTIVIDAD,494410400,494410400,494410400,0,0,0,9,2025,2025-09-25
2025,12,12,12-PODER EJECUTIVO,8,008-MINISTERIO DE SALUD PÚBLICA Y BIENESTAR SOCIAL,51,51 - VICEMINISTERIO DE RECTORIA Y VIGILANCIA DE LA SALUD,2,2-PROGRAMAS SUSTANTIVOS,3,003 - SERVICIOS DE APOYO Y DIAGNOSTICO P/ LA MEJORA EN LA ATENCIÓN,0,  0 - *,3,003-SERVICIOS LABORATORIALES,300,300 - SERVICIOS SOCIALES,310,310 - SALUD,319,319-SALUD SIN DISCRIMINAR,,,,10,10-RECURSOS DEL TESORO,100,100-SERVICIOS PERSONALES,130,130-ASIGNACIONES COMPLEMENTARIAS,133,133-BONIFICACIONES,1,1 - GENUINO,99,99-ALCANCE NACIONAL,1000000,1000000-DIRECCION GENERAL DE ADMINISTRACION Y FINANZAS,19,19 - OTROS SERVICIOS PERSONALES,A,ACTIVIDAD,1679464813,1679464813,219464813,0,0,0,9,2025,2025-09-25
2025,12,12,12-PODER EJECUTIVO,8,008-MINISTERIO DE SALUD PÚBLICA Y BIENESTAR SOCIAL,51,51 - VICEMINISTERIO DE RECTORIA Y VIGILANCIA DE LA SALUD,2,2-PROGRAMAS SUSTANTIVOS,3,003 - SERVICIOS DE APOYO Y DIAGNOSTICO P/ LA MEJORA EN LA ATENCIÓN,0,  0 - *,3,003-SERVICIOS LABORATORIALES,300,300 - SERVICIOS SOCIALES,310,310 - SALUD,319,319-SALUD SIN DISCRIMINAR,,,,30,30-RECURSOS INSTITUCIONALES,100,100-SERVICIOS PERSONALES,130,130-ASIGNACIONES COMPLEMENTARIAS,133,133-BONIFICACIONES,63,63 - CONACYT,99,99-ALCANCE NACIONAL,1000000,1000000-DIRECCION GENERAL DE ADMINISTRACION Y FINANZAS,19,19 - OTROS SERVICIOS PERSONALES,A,ACTIVIDAD,32000000,147387500,23480000,0,0,0,9,2025,2025-09-25
2025,12,12,12-PODER EJECUTIVO,8,008-MINISTERIO DE SALUD PÚBLICA Y BIENESTAR SOCIAL,51,51 - VICEMINISTERIO DE RECTORIA Y VIGILANCIA DE LA SALUD,2,2-PROGRAMAS SUSTANTIVOS,3,003 - SERVICIOS DE APOYO Y DIAGNOSTICO P/ LA MEJORA EN LA ATENCIÓN,0,  0 - *,3,003-SERVICIOS LABORATORIALES,300,300 - SERVICIOS SOCIALES,310,310 - SALUD,319,319-SALUD SIN DISCRIMINAR,,,,10,10-RECURSOS DEL TESORO,100,100-SERVICIOS PERSONALES,140,140-PERSONAL CONTRATADO,141,141-CONTRATACIÓN DE PERSONAL TÉCNICO,1,1 - GENUINO,99,99-ALCANCE NACIONAL,1000000,1000000-DIRECCION GENERAL DE ADMINISTRACION Y FINANZAS,12,12 - REMUNERACIONES VARIAS,A,ACTIVIDAD,83584800,83584800,12859200,0,0,0,9,2025,2025-09-25
2025,12,12,12-PODER EJECUTIVO,8,008-MINISTERIO DE SALUD PÚBLICA Y BIENESTAR SOCIAL,41,41 - DIRECCIÓN GRAL. DE DES. DE LOS SERV.DE SALUD,2,2-PROGRAMAS SUSTANTIVOS,3,003 - SERVICIOS DE APOYO Y DIAGNOSTICO P/ LA MEJORA EN LA ATENCIÓN,0,  0 - *,1,"001-OBTENCIÓN, PRODUCCIÓN Y SUMINISTROS DE SANGRE",300,300 - SERVICIOS SOCIALES,310,310 - SALUD,319,319-SALUD SIN DISCRIMINAR,,,,10,10-RECURSOS DEL TESORO,100,100-SERVICIOS PERSONALES,110,110-REMUNERACIONES BÁSICAS,111,111-SUELDOS,1,1 - GENUINO,99,99-ALCANCE NACIONAL,1000000,1000000-DIRECCION GENERAL DE ADMINISTRACION Y FINANZAS,11,11 - REMUNERACIONES BÁSICAS,A,ACTIVIDAD,1319856000,1319856000,109988000,0,0,0,4,2025,2025-04-25
2025,12,12,12-PODER EJECUTIVO,8,008-MINISTERIO DE SALUD PÚBLICA Y BIENESTAR SOCIAL,41,41 - DIRECCIÓN GRAL. DE DES. DE LOS SERV.DE SALUD,2,2-PROGRAMAS SUSTANTIVOS,3,003 - SERVICIOS DE APOYO Y DIAGNOSTICO P/ LA MEJORA EN LA ATENCIÓN,0,  0 - *,1,"001-OBTENCIÓN, PRODUCCIÓN Y SUMINISTROS DE SANGRE",300,300 - SERVICIOS SOCIALES,310,310 - SALUD,319,319-SALUD SIN DISCRIMINAR,,,,10,10-RECURSOS DEL TESORO,100,100-SERVICIOS PERSONALES,110,110-REMUNERACIONES BÁSICAS,113,113-GASTOS DE REPRESENTACIÓN,1,1 - GENUINO,99,99-ALCANCE NACIONAL,1000000,1000000-DIRECCION GENERAL DE ADMINISTRACION Y FINANZAS,11,11 - REMUNERACIONES BÁSICAS,A,ACTIVIDAD,38738400,38738400,3228200,0,0,0,4,2025,2025-04-25
2025,12,12,12-PODER EJECUTIVO,8,008-MINISTERIO DE SALUD PÚBLICA Y BIENESTAR SOCIAL,41,41 - DIRECCIÓN GRAL. DE DES. DE LOS SERV.DE SALUD,2,2-PROGRAMAS SUSTANTIVOS,3,003 - SERVICIOS DE APOYO Y DIAGNOSTICO P/ LA MEJORA EN LA ATENCIÓN,0,  0 - *,1,"001-OBTENCIÓN, PRODUCCIÓN Y SUMINISTROS DE SANGRE",300,300 - SERVICIOS SOCIALES,310,310 - SALUD,319,319-SALUD SIN DISCRIMINAR,,,,10,10-RECURSOS DEL TESORO,100,100-SERVICIOS PERSONALES,140,140-PERSONAL CONTRATADO,145,145-HONORARIOS PROFESIONALES,1,1 - GENUINO,99,99-ALCANCE NACIONAL,1000000,1000000-DIRECCION GENERAL DE ADMINISTRACION Y FINANZAS,12,12 - REMUNERACIONES VARIAS,A,ACTIVIDAD,52000000,52000000,3934400,0,0,0,4,2025,2025-04-25
2025,12,12,12-PODER EJECUTIVO,8,008-MINISTERIO DE SALUD PÚBLICA Y BIENESTAR SOCIAL,41,41 - DIRECCIÓN GRAL. DE DES. DE LOS SERV.DE SALUD,2,2-PROGRAMAS SUSTANTIVOS,3,003 - SERVICIOS DE APOYO Y DIAGNOSTICO P/ LA MEJORA EN LA ATENCIÓN,0,  0 - *,1,"001-OBTENCIÓN, PRODUCCIÓN Y SUMINISTROS DE SANGRE",300,300 - SERVICIOS SOCIALES,310,310 - SALUD,319,319-SALUD SIN DISCRIMINAR,,,,10,10-RECURSOS DEL TESORO,100,100-SERVICIOS PERSONALES,110,110-REMUNERACIONES BÁSICAS,114,114-AGUINALDO,1,1 - GENUINO,99,99-ALCANCE NACIONAL,1000000,1000000-DIRECCION GENERAL DE ADMINISTRACION Y FINANZAS,11,11 - REMUNERACIONES BÁSICAS,A,ACTIVIDAD,113216200,113216200,113216200,0,0,0,4,2025,2025-04-25
2025,12,12,12-PODER EJECUTIVO,8,008-MINISTERIO DE SALUD PÚBLICA Y BIENESTAR SOCIAL,41,41 - DIRECCIÓN GRAL. DE DES. DE LOS SERV.DE SALUD,2,2-PROGRAMAS SUSTANTIVOS,3,003 - SERVICIOS DE APOYO Y DIAGNOSTICO P/ LA MEJORA EN LA ATENCIÓN,0,  0 - *,1,"001-OBTENCIÓN, PRODUCCIÓN Y SUMINISTROS DE SANGRE",300,300 - SERVICIOS SOCIALES,310,310 - SALUD,319,319-SALUD SIN DISCRIMINAR,,,,10,10-RECURSOS DEL TESORO,100,100-SERVICIOS PERSONALES,130,130-ASIGNACIONES COMPLEMENTARIAS,133,133-BONIFICACIONES,1,1 - GENUINO,99,99-ALCANCE NACIONAL,1000000,1000000-DIRECCION GENERAL DE ADMINISTRACION Y FINANZAS,19,19 - OTROS SERVICIOS PERSONALES,A,ACTIVIDAD,687466659,687466659,86566239,0,0,0,4,2025,2025-04-25
2025,12,12,12-PODER EJECUTIVO,8,008-MINISTERIO DE SALUD PÚBLICA Y BIENESTAR SOCIAL,41,41 - DIRECCIÓN GRAL. DE DES. DE LOS SERV.DE SALUD,2,2-PROGRAMAS SUSTANTIVOS,3,003 - SERVICIOS DE APOYO Y DIAGNOSTICO P/ LA MEJORA EN LA ATENCIÓN,0,  0 - *,1,"001-OBTENCIÓN, PRODUCCIÓN Y SUMINISTROS DE SANGRE",300,300 - SERVICIOS SOCIALES,310,310 - SALUD,319,319-SALUD SIN DISCRIMINAR,,,,10,10-RECURSOS DEL TESORO,100,100-SERVICIOS PERSONALES,140,140-PERSONAL CONTRATADO,142,142-CONTRATACIÓN DE PERSONAL DE SALUD,1,1 - GENUINO,99,99-ALCANCE NACIONAL,1000000,1000000-DIRECCION GENERAL DE ADMINISTRACION Y FINANZAS,12,12 - REMUNERACIONES VARIAS,A,ACTIVIDAD,1656158400,1656158400,4561600,0,0,0,4,2025,2025-04-25
2025,12,12,12-PODER EJECUTIVO,8,008-MINISTERIO DE SALUD PÚBLICA Y BIENESTAR SOCIAL,41,41 - DIRECCIÓN GRAL. DE DES. DE LOS SERV.DE SALUD,2,2-PROGRAMAS SUSTANTIVOS,3,003 - SERVICIOS DE APOYO Y DIAGNOSTICO P/ LA MEJORA EN LA ATENCIÓN,0,  0 - *,1,"001-OBTENCIÓN, PRODUCCIÓN Y SUMINISTROS DE SANGRE",300,300 - SERVICIOS SOCIALES,310,310 - SALUD,319,319-SALUD SIN DISCRIMINAR,,,,10,10-RECURSOS DEL TESORO,100,100-SERVICIOS PERSONALES,140,140-PERSONAL CONTRATADO,144,144-JORNALES,1,1 - GENUINO,99,99-ALCANCE NACIONAL,1000000,1000000-DIRECCION GENERAL DE ADMINISTRACION Y FINANZAS,12,12 - REMUNERACIONES VARIAS,A,ACTIVIDAD,441162800,441162800,162800,0,0,0,4,2025,2025-04-25
2025,12,12,12-PODER EJECUTIVO,8,008-MINISTERIO DE SALUD PÚBLICA Y BIENESTAR SOCIAL,41,41 - DIRECCIÓN GRAL. DE DES. DE LOS SERV.DE SALUD,2,2-PROGRAMAS SUSTANTIVOS,3,003 - SERVICIOS DE APOYO Y DIAGNOSTICO P/ LA MEJORA EN LA ATENCIÓN,0,  0 - *,1,"001-OBTENCIÓN, PRODUCCIÓN Y SUMINISTROS DE SANGRE",300,300 - SERVICIOS SOCIALES,310,310 - SALUD,319,319-SALUD SIN DISCRIMINAR,,,,10,10-RECURSOS DEL TESORO,100,100-SERVICIOS PERSONALES,110,110-REMUNERACIONES BÁSICAS,111,111-SUELDOS,1,1 - GENUINO,99,99-ALCANCE NACIONAL,1000000,1000000-DIRECCION GENERAL DE ADMINISTRACION Y FINANZAS,11,11 - REMUNERACIONES BÁSICAS,A,ACTIVIDAD,1319856000,1319856000,109988000,0,0,0,5,2025,2025-05-27
2025,12,12,12-PODER EJECUTIVO,8,008-MINISTERIO DE SALUD PÚBLICA Y BIENESTAR SOCIAL,41,41 - DIRECCIÓN GRAL. DE DES. DE LOS SERV.DE SALUD,2,2-PROGRAMAS SUSTANTIVOS,3,003 - SERVICIOS DE APOYO Y DIAGNOSTICO P/ LA MEJORA EN LA ATENCIÓN,0,  0 - *,1,"001-OBTENCIÓN, PRODUCCIÓN Y SUMINISTROS DE SANGRE",300,300 - SERVICIOS SOCIALES,310,310 - SALUD,319,319-SALUD SIN DISCRIMINAR,,,,10,10-RECURSOS DEL TESORO,100,100-SERVICIOS PERSONALES,110,110-REMUNERACIONES BÁSICAS,113,113-GASTOS DE REPRESENTACIÓN,1,1 - GENUINO,99,99-ALCANCE NACIONAL,1000000,1000000-DIRECCION GENERAL DE ADMINISTRACION Y FINANZAS,11,11 - REMUNERACIONES BÁSICAS,A,ACTIVIDAD,38738400,38738400,3228200,0,0,0,5,2025,2025-05-27
2025,12,12,12-PODER EJECUTIVO,8,008-MINISTERIO DE SALUD PÚBLICA Y BIENESTAR SOCIAL,41,41 - DIRECCIÓN GRAL. DE DES. DE LOS SERV.DE SALUD,2,2-PROGRAMAS SUSTANTIVOS,3,003 - SERVICIOS DE APOYO Y DIAGNOSTICO P/ LA MEJORA EN LA ATENCIÓN,0,  0 - *,1,"001-OBTENCIÓN, PRODUCCIÓN Y SUMINISTROS DE SANGRE",300,300 - SERVICIOS SOCIALES,310,310 - SALUD,319,319-SALUD SIN DISCRIMINAR,,,,10,10-RECURSOS DEL TESORO,100,100-SERVICIOS PERSONALES,110,110-REMUNERACIONES BÁSICAS,114,114-AGUINALDO,1,1 - GENUINO,99,99-ALCANCE NACIONAL,1000000,1000000-DIRECCION GENERAL DE ADMINISTRACION Y FINANZAS,11,11 - REMUNERACIONES BÁSICAS,A,ACTIVIDAD,113216200,113216200,113216200,0,0,0,5,2025,2025-05-27
2025,12,12,12-PODER EJECUTIVO,8,008-MINISTERIO DE SALUD PÚBLICA Y BIENESTAR SOCIAL,41,41 - DIRECCIÓN GRAL. DE DES. DE LOS SERV.DE SALUD,2,2-PROGRAMAS SUSTANTIVOS,3,003 - SERVICIOS DE APOYO Y DIAGNOSTICO P/ LA MEJORA EN LA ATENCIÓN,0,  0 - *,1,"001-OBTENCIÓN, PRODUCCIÓN Y SUMINISTROS DE SANGRE",300,300 - SERVICIOS SOCIALES,310,310 - SALUD,319,319-SALUD SIN DISCRIMINAR,,,,10,10-RECURSOS DEL TESORO,100,100-SERVICIOS PERSONALES,130,130-ASIGNACIONES COMPLEMENTARIAS,133,133-BONIFICACIONES,1,1 - GENUINO,99,99-ALCANCE NACIONAL,1000000,1000000-DIRECCION GENERAL DE ADMINISTRACION Y FINANZAS,19,19 - OTROS SERVICIOS PERSONALES,A,ACTIVIDAD,687466659,687466659,86566239,0,0,0,5,2025,2025-05-27
2025,12,12,12-PODER EJECUTIVO,8,008-MINISTERIO DE SALUD PÚBLICA Y BIENESTAR SOCIAL,41,41 - DIRECCIÓN GRAL. DE DES. DE LOS SERV.DE SALUD,2,2-PROGRAMAS SUSTANTIVOS,3,003 - SERVICIOS DE APOYO Y DIAGNOSTICO P/ LA MEJORA EN LA ATENCIÓN,0,  0 - *,1,"001-OBTENCIÓN, PRODUCCIÓN Y SUMINISTROS DE SANGRE",300,300 - SERVICIOS SOCIALES,310,310 - SALUD,319,319-SALUD SIN DISCRIMINAR,,,,10,10-RECURSOS DEL TESORO,100,100-SERVICIOS PERSONALES,140,140-PERSONAL CONTRATADO,142,142-CONTRATACIÓN DE PERSONAL DE SALUD,1,1 - GENUINO,99,99-ALCANCE NACIONAL,1000000,1000000-DIRECCION GENERAL DE ADMINISTRACION Y FINANZAS,12,12 - REMUNERACIONES VARIAS,A,ACTIVIDAD,1656158400,1656158400,4561600,0,0,0,5,2025,2025-05-27
2025,12,12,12-PODER EJECUTIVO,8,008-MINISTERIO DE SALUD PÚBLICA Y BIENESTAR SOCIAL,41,41 - DIRECCIÓN GRAL. DE DES. DE LOS SERV.DE SALUD,2,2-PROGRAMAS SUSTANTIVOS,3,003 - SERVICIOS DE APOYO Y DIAGNOSTICO P/ LA MEJORA EN LA ATENCIÓN,0,  0 - *,1,"001-OBTENCIÓN, PRODUCCIÓN Y SUMINISTROS DE SANGRE",300,300 - SERVICIOS SOCIALES,310,310 - SALUD,319,319-SALUD SIN DISCRIMINAR,,,,10,10-RECURSOS DEL TESORO,100,100-SERVICIOS PERSONALES,140,140-PERSONAL CONTRATADO,145,145-HONORARIOS PROFESIONALES,1,1 - GENUINO,99,99-ALCANCE NACIONAL,1000000,1000000-DIRECCION GENERAL DE ADMINISTRACION Y FINANZAS,12,12 - REMUNERACIONES VARIAS,A,ACTIVIDAD,52000000,52000000,3934400,0,0,0,5,2025,2025-05-27
2025,12,12,12-PODER EJECUTIVO,8,008-MINISTERIO DE SALUD PÚBLICA Y BIENESTAR SOCIAL,43,43 - DIR. GRAL DE VIGILANCIA DE LA SALUD,2,2-PROGRAMAS SUSTANTIVOS,3,003 - SERVICIOS DE APOYO Y DIAGNOSTICO P/ LA MEJORA EN LA ATENCIÓN,0,  0 - *,4,004-GESTIONES INTEGRADAS PARA LA PROVISIÓN DE BIOLÓGICOS,300,300 - SERVICIOS SOCIALES,310,310 - SALUD,319,319-SALUD SIN DISCRIMINAR,,,,10,10-RECURSOS DEL TESORO,100,100-SERVICIOS PERSONALES,110,110-REMUNERACIONES BÁSICAS,114,114-AGUINALDO,1,1 - GENUINO,99,99-ALCANCE NACIONAL,1000000,1000000-DIRECCION GENERAL DE ADMINISTRACION Y FINANZAS,11,11 - REMUNERACIONES BÁSICAS,A,ACTIVIDAD,109928200,109928200,109928200,0,0,0,5,2025,2025-05-27
2025,12,12,12-PODER EJECUTIVO,8,008-MINISTERIO DE SALUD PÚBLICA Y BIENESTAR SOCIAL,43,43 - DIR. GRAL DE VIGILANCIA DE LA SALUD,2,2-PROGRAMAS SUSTANTIVOS,3,003 - SERVICIOS DE APOYO Y DIAGNOSTICO P/ LA MEJORA EN LA ATENCIÓN,0,  0 - *,4,004-GESTIONES INTEGRADAS PARA LA PROVISIÓN DE BIOLÓGICOS,300,300 - SERVICIOS SOCIALES,310,310 - SALUD,319,319-SALUD SIN DISCRIMINAR,,,,10,10-RECURSOS DEL TESORO,100,100-SERVICIOS PERSONALES,120,120-REMUNERACIONES TEMPORALES,123,123-REMUNERACIÓN EXTRAORDINARIA,1,1 - GENUINO,99,99-ALCANCE NACIONAL,1000000,1000000-DIRECCION GENERAL DE ADMINISTRACION Y FINANZAS,12,12 - REMUNERACIONES VARIAS,A,ACTIVIDAD,271537746,271537746,1537746,0,0,0,9,2025,2025-09-25
2025,12,12,12-PODER EJECUTIVO,8,008-MINISTERIO DE SALUD PÚBLICA Y BIENESTAR SOCIAL,43,43 - DIR. GRAL DE VIGILANCIA DE LA SALUD,2,2-PROGRAMAS SUSTANTIVOS,3,003 - SERVICIOS DE APOYO Y DIAGNOSTICO P/ LA MEJORA EN LA ATENCIÓN,0,  0 - *,4,004-GESTIONES INTEGRADAS PARA LA PROVISIÓN DE BIOLÓGICOS,300,300 - SERVICIOS SOCIALES,310,310 - SALUD,319,319-SALUD SIN DISCRIMINAR,,,,10,10-RECURSOS DEL TESORO,100,100-SERVICIOS PERSONALES,110,110-REMUNERACIONES BÁSICAS,111,111-SUELDOS,1,1 - GENUINO,99,99-ALCANCE NACIONAL,1000000,1000000-DIRECCION GENERAL DE ADMINISTRACION Y FINANZAS,11,11 - REMUNERACIONES BÁSICAS,A,ACTIVIDAD,1280400000,1280400000,106700000,0,0,0,9,2025,2025-09-25
2025,12,12,12-PODER EJECUTIVO,8,008-MINISTERIO DE SALUD PÚBLICA Y BIENESTAR SOCIAL,43,43 - DIR. GRAL DE VIGILANCIA DE LA SALUD,2,2-PROGRAMAS SUSTANTIVOS,3,003 - SERVICIOS DE APOYO Y DIAGNOSTICO P/ LA MEJORA EN LA ATENCIÓN,0,  0 - *,4,004-GESTIONES INTEGRADAS PARA LA PROVISIÓN DE BIOLÓGICOS,300,300 - SERVICIOS SOCIALES,310,310 - SALUD,319,319-SALUD SIN DISCRIMINAR,,,,10,10-RECURSOS DEL TESORO,100,100-SERVICIOS PERSONALES,130,130-ASIGNACIONES COMPLEMENTARIAS,133,133-BONIFICACIONES,1,1 - GENUINO,99,99-ALCANCE NACIONAL,1000000,1000000-DIRECCION GENERAL DE ADMINISTRACION Y FINANZAS,19,19 - OTROS SERVICIOS PERSONALES,A,ACTIVIDAD,830604580,830604580,114504580,0,0,0,9,2025,2025-09-25
2025,12,12,12-PODER EJECUTIVO,8,008-MINISTERIO DE SALUD PÚBLICA Y BIENESTAR SOCIAL,43,43 - DIR. GRAL DE VIGILANCIA DE LA SALUD,2,2-PROGRAMAS SUSTANTIVOS,3,003 - SERVICIOS DE APOYO Y DIAGNOSTICO P/ LA MEJORA EN LA ATENCIÓN,0,  0 - *,4,004-GESTIONES INTEGRADAS PARA LA PROVISIÓN DE BIOLÓGICOS,300,300 - SERVICIOS SOCIALES,310,310 - SALUD,319,319-SALUD SIN DISCRIMINAR,,,,10,10-RECURSOS DEL TESORO,100,100-SERVICIOS PERSONALES,140,140-PERSONAL CONTRATADO,142,142-CONTRATACIÓN DE PERSONAL DE SALUD,1,1 - GENUINO,99,99-ALCANCE NACIONAL,1000000,1000000-DIRECCION GENERAL DE ADMINISTRACION Y FINANZAS,12,12 - REMUNERACIONES VARIAS,A,ACTIVIDAD,2025493600,2025493600,4686400,0,0,0,9,2025,2025-09-25
2025,12,12,12-PODER EJECUTIVO,8,008-MINISTERIO DE SALUD PÚBLICA Y BIENESTAR SOCIAL,43,43 - DIR. GRAL DE VIGILANCIA DE LA SALUD,2,2-PROGRAMAS SUSTANTIVOS,3,003 - SERVICIOS DE APOYO Y DIAGNOSTICO P/ LA MEJORA EN LA ATENCIÓN,0,  0 - *,4,004-GESTIONES INTEGRADAS PARA LA PROVISIÓN DE BIOLÓGICOS,300,300 - SERVICIOS SOCIALES,310,310 - SALUD,319,319-SALUD SIN DISCRIMINAR,,,,10,10-RECURSOS DEL TESORO,100,100-SERVICIOS PERSONALES,140,140-PERSONAL CONTRATADO,144,144-JORNALES,1,1 - GENUINO,99,99-ALCANCE NACIONAL,1000000,1000000-DIRECCION GENERAL DE ADMINISTRACION Y FINANZAS,12,12 - REMUNERACIONES VARIAS,A,ACTIVIDAD,1039081459,999481459,1081459,0,0,0,9,2025,2025-09-25
2025,12,12,12-PODER EJECUTIVO,8,008-MINISTERIO DE SALUD PÚBLICA Y BIENESTAR SOCIAL,43,43 - DIR. GRAL DE VIGILANCIA DE LA SALUD,2,2-PROGRAMAS SUSTANTIVOS,3,003 - SERVICIOS DE APOYO Y DIAGNOSTICO P/ LA MEJORA EN LA ATENCIÓN,0,  0 - *,4,004-GESTIONES INTEGRADAS PARA LA PROVISIÓN DE BIOLÓGICOS,300,300 - SERVICIOS SOCIALES,310,310 - SALUD,319,319-SALUD SIN DISCRIMINAR,,,,10,10-RECURSOS DEL TESORO,100,100-SERVICIOS PERSONALES,110,110-REMUNERACIONES BÁSICAS,113,113-GASTOS DE REPRESENTACIÓN,1,1 - GENUINO,99,99-ALCANCE NACIONAL,1000000,1000000-DIRECCION GENERAL DE ADMINISTRACION Y FINANZAS,11,11 - REMUNERACIONES BÁSICAS,A,ACTIVIDAD,38738400,38738400,3228200,0,0,0,5,2025,2025-05-27
2025,12,12,12-PODER EJECUTIVO,8,008-MINISTERIO DE SALUD PÚBLICA Y BIENESTAR SOCIAL,43,43 - DIR. GRAL DE VIGILANCIA DE LA SALUD,2,2-PROGRAMAS SUSTANTIVOS,3,003 - SERVICIOS DE APOYO Y DIAGNOSTICO P/ LA MEJORA EN LA ATENCIÓN,0,  0 - *,4,004-GESTIONES INTEGRADAS PARA LA PROVISIÓN DE BIOLÓGICOS,300,300 - SERVICIOS SOCIALES,310,310 - SALUD,319,319-SALUD SIN DISCRIMINAR,,,,10,10-RECURSOS DEL TESORO,100,100-SERVICIOS PERSONALES,140,140-PERSONAL CONTRATADO,145,145-HONORARIOS PROFESIONALES,1,1 - GENUINO,99,99-ALCANCE NACIONAL,1000000,1000000-DIRECCION GENERAL DE ADMINISTRACION Y FINANZAS,12,12 - REMUNERACIONES VARIAS,A,ACTIVIDAD,0,39600000,0,0,0,0,9,2025,2025-09-25
2025,12,12,12-PODER EJECUTIVO,8,008-MINISTERIO DE SALUD PÚBLICA Y BIENESTAR SOCIAL,43,43 - DIR. GRAL DE VIGILANCIA DE LA SALUD,2,2-PROGRAMAS SUSTANTIVOS,3,003 - SERVICIOS DE APOYO Y DIAGNOSTICO P/ LA MEJORA EN LA ATENCIÓN,0,  0 - *,4,004-GESTIONES INTEGRADAS PARA LA PROVISIÓN DE BIOLÓGICOS,300,300 - SERVICIOS SOCIALES,310,310 - SALUD,319,319-SALUD SIN DISCRIMINAR,,,,10,10-RECURSOS DEL TESORO,100,100-SERVICIOS PERSONALES,110,110-REMUNERACIONES BÁSICAS,114,114-AGUINALDO,1,1 - GENUINO,99,99-ALCANCE NACIONAL,1000000,1000000-DIRECCION GENERAL DE ADMINISTRACION Y FINANZAS,11,11 - REMUNERACIONES BÁSICAS,A,ACTIVIDAD,109928200,109928200,109928200,0,0,0,4,2025,2025-04-25
2025,12,12,12-PODER EJECUTIVO,8,008-MINISTERIO DE SALUD PÚBLICA Y BIENESTAR SOCIAL,43,43 - DIR. GRAL DE VIGILANCIA DE LA SALUD,2,2-PROGRAMAS SUSTANTIVOS,3,003 - SERVICIOS DE APOYO Y DIAGNOSTICO P/ LA MEJORA EN LA ATENCIÓN,0,  0 - *,4,004-GESTIONES INTEGRADAS PARA LA PROVISIÓN DE BIOLÓGICOS,300,300 - SERVICIOS SOCIALES,310,310 - SALUD,319,319-SALUD SIN DISCRIMINAR,,,,10,10-RECURSOS DEL TESORO,100,100-SERVICIOS PERSONALES,110,110-REMUNERACIONES BÁSICAS,111,111-SUELDOS,1,1 - GENUINO,99,99-ALCANCE NACIONAL,1000000,1000000-DIRECCION GENERAL DE ADMINISTRACION Y FINANZAS,11,11 - REMUNERACIONES BÁSICAS,A,ACTIVIDAD,1280400000,1280400000,106700000,0,0,0,5,2025,2025-05-27
2025,12,12,12-PODER EJECUTIVO,8,008-MINISTERIO DE SALUD PÚBLICA Y BIENESTAR SOCIAL,43,43 - DIR. GRAL DE VIGILANCIA DE LA SALUD,2,2-PROGRAMAS SUSTANTIVOS,3,003 - SERVICIOS DE APOYO Y DIAGNOSTICO P/ LA MEJORA EN LA ATENCIÓN,0,  0 - *,4,004-GESTIONES INTEGRADAS PARA LA PROVISIÓN DE BIOLÓGICOS,300,300 - SERVICIOS SOCIALES,310,310 - SALUD,319,319-SALUD SIN DISCRIMINAR,,,,10,10-RECURSOS DEL TESORO,100,100-SERVICIOS PERSONALES,120,120-REMUNERACIONES TEMPORALES,123,123-REMUNERACIÓN EXTRAORDINARIA,1,1 - GENUINO,99,99-ALCANCE NACIONAL,1000000,1000000-DIRECCION GENERAL DE ADMINISTRACION Y FINANZAS,12,12 - REMUNERACIONES VARIAS,A,ACTIVIDAD,271537746,271537746,1537746,0,0,0,5,2025,2025-05-27
2025,12,12,12-PODER EJECUTIVO,8,008-MINISTERIO DE SALUD PÚBLICA Y BIENESTAR SOCIAL,43,43 - DIR. GRAL DE VIGILANCIA DE LA SALUD,2,2-PROGRAMAS SUSTANTIVOS,3,003 - SERVICIOS DE APOYO Y DIAGNOSTICO P/ LA MEJORA EN LA ATENCIÓN,0,  0 - *,4,004-GESTIONES INTEGRADAS PARA LA PROVISIÓN DE BIOLÓGICOS,300,300 - SERVICIOS SOCIALES,310,310 - SALUD,319,319-SALUD SIN DISCRIMINAR,,,,10,10-RECURSOS DEL TESORO,100,100-SERVICIOS PERSONALES,140,140-PERSONAL CONTRATADO,142,142-CONTRATACIÓN DE PERSONAL DE SALUD,1,1 - GENUINO,99,99-ALCANCE NACIONAL,1000000,1000000-DIRECCION GENERAL DE ADMINISTRACION Y FINANZAS,12,12 - REMUNERACIONES VARIAS,A,ACTIVIDAD,2025493600,2025493600,4686400,0,0,0,5,2025,2025-05-27
2025,12,12,12-PODER EJECUTIVO,8,008-MINISTERIO DE SALUD PÚBLICA Y BIENESTAR SOCIAL,43,43 - DIR. GRAL DE VIGILANCIA DE LA SALUD,2,2-PROGRAMAS SUSTANTIVOS,3,003 - SERVICIOS DE APOYO Y DIAGNOSTICO P/ LA MEJORA EN LA ATENCIÓN,0,  0 - *,4,004-GESTIONES INTEGRADAS PARA LA PROVISIÓN DE BIOLÓGICOS,300,300 - SERVICIOS SOCIALES,310,310 - SALUD,319,319-SALUD SIN DISCRIMINAR,,,,10,10-RECURSOS DEL TESORO,100,100-SERVICIOS PERSONALES,140,140-PERSONAL CONTRATADO,144,144-JORNALES,1,1 - GENUINO,99,99-ALCANCE NACIONAL,1000000,1000000-DIRECCION GENERAL DE ADMINISTRACION Y FINANZAS,12,12 - REMUNERACIONES VARIAS,A,ACTIVIDAD,1039081459,1039081459,1081459,0,0,0,5,2025,2025-05-27
2025,12,12,12-PODER EJECUTIVO,8,008-MINISTERIO DE SALUD PÚBLICA Y BIENESTAR SOCIAL,43,43 - DIR. GRAL DE VIGILANCIA DE LA SALUD,2,2-PROGRAMAS SUSTANTIVOS,3,003 - SERVICIOS DE APOYO Y DIAGNOSTICO P/ LA MEJORA EN LA ATENCIÓN,0,  0 - *,4,004-GESTIONES INTEGRADAS PARA LA PROVISIÓN DE BIOLÓGICOS,300,300 - SERVICIOS SOCIALES,310,310 - SALUD,319,319-SALUD SIN DISCRIMINAR,,,,10,10-RECURSOS DEL TESORO,100,100-SERVICIOS PERSONALES,130,130-ASIGNACIONES COMPLEMENTARIAS,133,133-BONIFICACIONES,1,1 - GENUINO,99,99-ALCANCE NACIONAL,1000000,1000000-DIRECCION GENERAL DE ADMINISTRACION Y FINANZAS,19,19 - OTROS SERVICIOS PERSONALES,A,ACTIVIDAD,830604580,830604580,114504580,0,0,0,5,2025,2025-05-27
2025,12,12,12-PODER EJECUTIVO,8,008-MINISTERIO DE SALUD PÚBLICA Y BIENESTAR SOCIAL,51,51 - VICEMINISTERIO DE RECTORIA Y VIGILANCIA DE LA SALUD,2,2-PROGRAMAS SUSTANTIVOS,3,003 - SERVICIOS DE APOYO Y DIAGNOSTICO P/ LA MEJORA EN LA ATENCIÓN,0,  0 - *,2,002-HABILITACIÓN Y CONTROL DE LABORATORIOS DE ANALISIS CLÍNICOS,300,300 - SERVICIOS SOCIALES,310,310 - SALUD,319,319-SALUD SIN DISCRIMINAR,,,,10,10-RECURSOS DEL TESORO,100,100-SERVICIOS PERSONALES,110,110-REMUNERACIONES BÁSICAS,111,111-SUELDOS,1,1 - GENUINO,99,99-ALCANCE NACIONAL,1000000,1000000-DIRECCION GENERAL DE ADMINISTRACION Y FINANZAS,11,11 - REMUNERACIONES BÁSICAS,A,ACTIVIDAD,5855448000,5855448000,487954000,0,0,0,5,2025,2025-05-27
2025,12,12,12-PODER EJECUTIVO,8,008-MINISTERIO DE SALUD PÚBLICA Y BIENESTAR SOCIAL,51,51 - VICEMINISTERIO DE RECTORIA Y VIGILANCIA DE LA SALUD,2,2-PROGRAMAS SUSTANTIVOS,3,003 - SERVICIOS DE APOYO Y DIAGNOSTICO P/ LA MEJORA EN LA ATENCIÓN,0,  0 - *,2,002-HABILITACIÓN Y CONTROL DE LABORATORIOS DE ANALISIS CLÍNICOS,300,300 - SERVICIOS SOCIALES,310,310 - SALUD,319,319-SALUD SIN DISCRIMINAR,,,,10,10-RECURSOS DEL TESORO,100,100-SERVICIOS PERSONALES,110,110-REMUNERACIONES BÁSICAS,113,113-GASTOS DE REPRESENTACIÓN,1,1 - GENUINO,99,99-ALCANCE NACIONAL,1000000,1000000-DIRECCION GENERAL DE ADMINISTRACION Y FINANZAS,11,11 - REMUNERACIONES BÁSICAS,A,ACTIVIDAD,77476800,77476800,6456400,0,0,0,5,2025,2025-05-27
2025,12,12,12-PODER EJECUTIVO,8,008-MINISTERIO DE SALUD PÚBLICA Y BIENESTAR SOCIAL,51,51 - VICEMINISTERIO DE RECTORIA Y VIGILANCIA DE LA SALUD,2,2-PROGRAMAS SUSTANTIVOS,3,003 - SERVICIOS DE APOYO Y DIAGNOSTICO P/ LA MEJORA EN LA ATENCIÓN,0,  0 - *,2,002-HABILITACIÓN Y CONTROL DE LABORATORIOS DE ANALISIS CLÍNICOS,300,300 - SERVICIOS SOCIALES,310,310 - SALUD,319,319-SALUD SIN DISCRIMINAR,,,,10,10-RECURSOS DEL TESORO,100,100-SERVICIOS PERSONALES,110,110-REMUNERACIONES BÁSICAS,114,114-AGUINALDO,1,1 - GENUINO,99,99-ALCANCE NACIONAL,1000000,1000000-DIRECCION GENERAL DE ADMINISTRACION Y FINANZAS,11,11 - REMUNERACIONES BÁSICAS,A,ACTIVIDAD,494410400,494410400,494410400,0,0,0,5,2025,2025-05-27
2025,12,12,12-PODER EJECUTIVO,8,008-MINISTERIO DE SALUD PÚBLICA Y BIENESTAR SOCIAL,41,41 - DIRECCIÓN GRAL. DE DES. DE LOS SERV.DE SALUD,2,2-PROGRAMAS SUSTANTIVOS,3,003 - SERVICIOS DE APOYO Y DIAGNOSTICO P/ LA MEJORA EN LA ATENCIÓN,0,  0 - *,1,"001-OBTENCIÓN, PRODUCCIÓN Y SUMINISTROS DE SANGRE",300,300 - SERVICIOS SOCIALES,310,310 - SALUD,319,319-SALUD SIN DISCRIMINAR,,,,10,10-RECURSOS DEL TESORO,100,100-SERVICIOS PERSONALES,140,140-PERSONAL CONTRATADO,144,144-JORNALES,1,1 - GENUINO,99,99-ALCANCE NACIONAL,1000000,1000000-DIRECCION GENERAL DE ADMINISTRACION Y FINANZAS,12,12 - REMUNERACIONES VARIAS,A,ACTIVIDAD,441162800,441162800,162800,0,0,0,5,2025,2025-05-27
2025,12,12,12-PODER EJECUTIVO,8,008-MINISTERIO DE SALUD PÚBLICA Y BIENESTAR SOCIAL,51,51 - VICEMINISTERIO DE RECTORIA Y VIGILANCIA DE LA SALUD,2,2-PROGRAMAS SUSTANTIVOS,3,003 - SERVICIOS DE APOYO Y DIAGNOSTICO P/ LA MEJORA EN LA ATENCIÓN,0,  0 - *,3,003-SERVICIOS LABORATORIALES,300,300 - SERVICIOS SOCIALES,310,310 - SALUD,319,319-SALUD SIN DISCRIMINAR,,,,10,10-RECURSOS DEL TESORO,100,100-SERVICIOS PERSONALES,140,140-PERSONAL CONTRATADO,142,142-CONTRATACIÓN DE PERSONAL DE SALUD,1,1 - GENUINO,99,99-ALCANCE NACIONAL,1000000,1000000-DIRECCION GENERAL DE ADMINISTRACION Y FINANZAS,12,12 - REMUNERACIONES VARIAS,A,ACTIVIDAD,3384711200,3384711200,1844000,0,0,0,5,2025,2025-05-27
2025,12,12,12-PODER EJECUTIVO,8,008-MINISTERIO DE SALUD PÚBLICA Y BIENESTAR SOCIAL,51,51 - VICEMINISTERIO DE RECTORIA Y VIGILANCIA DE LA SALUD,2,2-PROGRAMAS SUSTANTIVOS,3,003 - SERVICIOS DE APOYO Y DIAGNOSTICO P/ LA MEJORA EN LA ATENCIÓN,0,  0 - *,3,003-SERVICIOS LABORATORIALES,300,300 - SERVICIOS SOCIALES,310,310 - SALUD,319,319-SALUD SIN DISCRIMINAR,,,,10,10-RECURSOS DEL TESORO,100,100-SERVICIOS PERSONALES,130,130-ASIGNACIONES COMPLEMENTARIAS,133,133-BONIFICACIONES,1,1 - GENUINO,99,99-ALCANCE NACIONAL,1000000,1000000-DIRECCION GENERAL DE ADMINISTRACION Y FINANZAS,19,19 - OTROS SERVICIOS PERSONALES,A,ACTIVIDAD,1679464813,1679464813,219464813,0,0,0,5,2025,2025-05-27
2025,12,12,12-PODER EJECUTIVO,8,008-MINISTERIO DE SALUD PÚBLICA Y BIENESTAR SOCIAL,51,51 - VICEMINISTERIO DE RECTORIA Y VIGILANCIA DE LA SALUD,2,2-PROGRAMAS SUSTANTIVOS,3,003 - SERVICIOS DE APOYO Y DIAGNOSTICO P/ LA MEJORA EN LA ATENCIÓN,0,  0 - *,3,003-SERVICIOS LABORATORIALES,300,300 - SERVICIOS SOCIALES,310,310 - SALUD,319,319-SALUD SIN DISCRIMINAR,,,,30,30-RECURSOS INSTITUCIONALES,100,100-SERVICIOS PERSONALES,130,130-ASIGNACIONES COMPLEMENTARIAS,133,133-BONIFICACIONES,63,63 - CONACYT,99,99-ALCANCE NACIONAL,1000000,1000000-DIRECCION GENERAL DE ADMINISTRACION Y FINANZAS,19,19 - OTROS SERVICIOS PERSONALES,A,ACTIVIDAD,32000000,32000000,23480000,0,0,0,5,2025,2025-05-27
2025,12,12,12-PODER EJECUTIVO,8,008-MINISTERIO DE SALUD PÚBLICA Y BIENESTAR SOCIAL,51,51 - VICEMINISTERIO DE RECTORIA Y VIGILANCIA DE LA SALUD,2,2-PROGRAMAS SUSTANTIVOS,3,003 - SERVICIOS DE APOYO Y DIAGNOSTICO P/ LA MEJORA EN LA ATENCIÓN,0,  0 - *,3,003-SERVICIOS LABORATORIALES,300,300 - SERVICIOS SOCIALES,310,310 - SALUD,319,319-SALUD SIN DISCRIMINAR,,,,10,10-RECURSOS DEL TESORO,100,100-SERVICIOS PERSONALES,140,140-PERSONAL CONTRATADO,141,141-CONTRATACIÓN DE PERSONAL TÉCNICO,1,1 - GENUINO,99,99-ALCANCE NACIONAL,1000000,1000000-DIRECCION GENERAL DE ADMINISTRACION Y FINANZAS,12,12 - REMUNERACIONES VARIAS,A,ACTIVIDAD,83584800,83584800,12859200,0,0,0,5,2025,2025-05-27
2025,12,12,12-PODER EJECUTIVO,8,008-MINISTERIO DE SALUD PÚBLICA Y BIENESTAR SOCIAL,51,51 - VICEMINISTERIO DE RECTORIA Y VIGILANCIA DE LA SALUD,2,2-PROGRAMAS SUSTANTIVOS,3,003 - SERVICIOS DE APOYO Y DIAGNOSTICO P/ LA MEJORA EN LA ATENCIÓN,0,  0 - *,3,003-SERVICIOS LABORATORIALES,300,300 - SERVICIOS SOCIALES,310,310 - SALUD,319,319-SALUD SIN DISCRIMINAR,,,,30,30-RECURSOS INSTITUCIONALES,100,100-SERVICIOS PERSONALES,140,140-PERSONAL CONTRATADO,142,142-CONTRATACIÓN DE PERSONAL DE SALUD,63,63 - CONACYT,99,99-ALCANCE NACIONAL,1000000,1000000-DIRECCION GENERAL DE ADMINISTRACION Y FINANZAS,12,12 - REMUNERACIONES VARIAS,A,ACTIVIDAD,49920000,49920000,0,0,0,0,5,2025,2025-05-27
2025,12,12,12-PODER EJECUTIVO,8,008-MINISTERIO DE SALUD PÚBLICA Y BIENESTAR SOCIAL,51,51 - VICEMINISTERIO DE RECTORIA Y VIGILANCIA DE LA SALUD,2,2-PROGRAMAS SUSTANTIVOS,3,003 - SERVICIOS DE APOYO Y DIAGNOSTICO P/ LA MEJORA EN LA ATENCIÓN,0,  0 - *,3,003-SERVICIOS LABORATORIALES,300,300 - SERVICIOS SOCIALES,310,310 - SALUD,319,319-SALUD SIN DISCRIMINAR,,,,10,10-RECURSOS DEL TESORO,100,100-SERVICIOS PERSONALES,140,140-PERSONAL CONTRATADO,144,144-JORNALES,1,1 - GENUINO,99,99-ALCANCE NACIONAL,1000000,1000000-DIRECCION GENERAL DE ADMINISTRACION Y FINANZAS,12,12 - REMUNERACIONES VARIAS,A,ACTIVIDAD,1318505396,1318505396,3505396,0,0,0,5,2025,2025-05-27
2025,12,12,12-PODER EJECUTIVO,8,008-MINISTERIO DE SALUD PÚBLICA Y BIENESTAR SOCIAL,51,51 - VICEMINISTERIO DE RECTORIA Y VIGILANCIA DE LA SALUD,2,2-PROGRAMAS SUSTANTIVOS,3,003 - SERVICIOS DE APOYO Y DIAGNOSTICO P/ LA MEJORA EN LA ATENCIÓN,0,  0 - *,3,003-SERVICIOS LABORATORIALES,300,300 - SERVICIOS SOCIALES,310,310 - SALUD,319,319-SALUD SIN DISCRIMINAR,,,,10,10-RECURSOS DEL TESORO,100,100-SERVICIOS PERSONALES,140,140-PERSONAL CONTRATADO,145,145-HONORARIOS PROFESIONALES,1,1 - GENUINO,99,99-ALCANCE NACIONAL,1000000,1000000-DIRECCION GENERAL DE ADMINISTRACION Y FINANZAS,12,12 - REMUNERACIONES VARIAS,A,ACTIVIDAD,243469200,243469200,32969200,0,0,0,5,2025,2025-05-27
2025,12,12,12-PODER EJECUTIVO,8,008-MINISTERIO DE SALUD PÚBLICA Y BIENESTAR SOCIAL,51,51 - VICEMINISTERIO DE RECTORIA Y VIGILANCIA DE LA SALUD,2,2-PROGRAMAS SUSTANTIVOS,3,003 - SERVICIOS DE APOYO Y DIAGNOSTICO P/ LA MEJORA EN LA ATENCIÓN,0,  0 - *,3,003-SERVICIOS LABORATORIALES,300,300 - SERVICIOS SOCIALES,310,310 - SALUD,319,319-SALUD SIN DISCRIMINAR,,,,30,30-RECURSOS INSTITUCIONALES,100,100-SERVICIOS PERSONALES,140,140-PERSONAL CONTRATADO,145,145-HONORARIOS PROFESIONALES,63,63 - CONACYT,99,99-ALCANCE NACIONAL,1000000,1000000-DIRECCION GENERAL DE ADMINISTRACION Y FINANZAS,12,12 - REMUNERACIONES VARIAS,A,ACTIVIDAD,0,0,1125000,0,0,0,5,2025,2025-05-27
2025,12,12,12-PODER EJECUTIVO,8,008-MINISTERIO DE SALUD PÚBLICA Y BIENESTAR SOCIAL,51,51 - VICEMINISTERIO DE RECTORIA Y VIGILANCIA DE LA SALUD,2,2-PROGRAMAS SUSTANTIVOS,3,003 - SERVICIOS DE APOYO Y DIAGNOSTICO P/ LA MEJORA EN LA ATENCIÓN,0,  0 - *,3,003-SERVICIOS LABORATORIALES,300,300 - SERVICIOS SOCIALES,310,310 - SALUD,319,319-SALUD SIN DISCRIMINAR,,,,30,30-RECURSOS INSTITUCIONALES,100,100-SERVICIOS PERSONALES,140,140-PERSONAL CONTRATADO,141,141-CONTRATACIÓN DE PERSONAL TÉCNICO,63,63 - CONACYT,99,99-ALCANCE NACIONAL,1000000,1000000-DIRECCION GENERAL DE ADMINISTRACION Y FINANZAS,12,12 - REMUNERACIONES VARIAS,A,ACTIVIDAD,0,0,537500,0,0,0,5,2025,2025-05-27
2025,12,12,12-PODER EJECUTIVO,8,008-MINISTERIO DE SALUD PÚBLICA Y BIENESTAR SOCIAL,43,43 - DIR. GRAL DE VIGILANCIA DE LA SALUD,2,2-PROGRAMAS SUSTANTIVOS,3,003 - SERVICIOS DE APOYO Y DIAGNOSTICO P/ LA MEJORA EN LA ATENCIÓN,0,  0 - *,4,004-GESTIONES INTEGRADAS PARA LA PROVISIÓN DE BIOLÓGICOS,300,300 - SERVICIOS SOCIALES,310,310 - SALUD,319,319-SALUD SIN DISCRIMINAR,,,,10,10-RECURSOS DEL TESORO,100,100-SERVICIOS PERSONALES,110,110-REMUNERACIONES BÁSICAS,113,113-GASTOS DE REPRESENTACIÓN,1,1 - GENUINO,99,99-ALCANCE NACIONAL,1000000,1000000-DIRECCION GENERAL DE ADMINISTRACION Y FINANZAS,11,11 - REMUNERACIONES BÁSICAS,A,ACTIVIDAD,38738400,38738400,3228200,0,0,0,4,2025,2025-04-25
2025,12,12,12-PODER EJECUTIVO,8,008-MINISTERIO DE SALUD PÚBLICA Y BIENESTAR SOCIAL,43,43 - DIR. GRAL DE VIGILANCIA DE LA SALUD,2,2-PROGRAMAS SUSTANTIVOS,3,003 - SERVICIOS DE APOYO Y DIAGNOSTICO P/ LA MEJORA EN LA ATENCIÓN,0,  0 - *,4,004-GESTIONES INTEGRADAS PARA LA PROVISIÓN DE BIOLÓGICOS,300,300 - SERVICIOS SOCIALES,310,310 - SALUD,319,319-SALUD SIN DISCRIMINAR,,,,10,10-RECURSOS DEL TESORO,100,100-SERVICIOS PERSONALES,110,110-REMUNERACIONES BÁSICAS,111,111-SUELDOS,1,1 - GENUINO,99,99-ALCANCE NACIONAL,1000000,1000000-DIRECCION GENERAL DE ADMINISTRACION Y FINANZAS,11,11 - REMUNERACIONES BÁSICAS,A,ACTIVIDAD,1280400000,1280400000,106700000,0,0,0,4,2025,2025-04-25
2025,12,12,12-PODER EJECUTIVO,8,008-MINISTERIO DE SALUD PÚBLICA Y BIENESTAR SOCIAL,43,43 - DIR. GRAL DE VIGILANCIA DE LA SALUD,2,2-PROGRAMAS SUSTANTIVOS,3,003 - SERVICIOS DE APOYO Y DIAGNOSTICO P/ LA MEJORA EN LA ATENCIÓN,0,  0 - *,4,004-GESTIONES INTEGRADAS PARA LA PROVISIÓN DE BIOLÓGICOS,300,300 - SERVICIOS SOCIALES,310,310 - SALUD,319,319-SALUD SIN DISCRIMINAR,,,,10,10-RECURSOS DEL TESORO,100,100-SERVICIOS PERSONALES,120,120-REMUNERACIONES TEMPORALES,123,123-REMUNERACIÓN EXTRAORDINARIA,1,1 - GENUINO,99,99-ALCANCE NACIONAL,1000000,1000000-DIRECCION GENERAL DE ADMINISTRACION Y FINANZAS,12,12 - REMUNERACIONES VARIAS,A,ACTIVIDAD,271537746,271537746,1537746,0,0,0,4,2025,2025-04-25
2025,12,12,12-PODER EJECUTIVO,8,008-MINISTERIO DE SALUD PÚBLICA Y BIENESTAR SOCIAL,43,43 - DIR. GRAL DE VIGILANCIA DE LA SALUD,2,2-PROGRAMAS SUSTANTIVOS,3,003 - SERVICIOS DE APOYO Y DIAGNOSTICO P/ LA MEJORA EN LA ATENCIÓN,0,  0 - *,4,004-GESTIONES INTEGRADAS PARA LA PROVISIÓN DE BIOLÓGICOS,300,300 - SERVICIOS SOCIALES,310,310 - SALUD,319,319-SALUD SIN DISCRIMINAR,,,,10,10-RECURSOS DEL TESORO,100,100-SERVICIOS PERSONALES,130,130-ASIGNACIONES COMPLEMENTARIAS,133,133-BONIFICACIONES,1,1 - GENUINO,99,99-ALCANCE NACIONAL,1000000,1000000-DIRECCION GENERAL DE ADMINISTRACION Y FINANZAS,19,19 - OTROS SERVICIOS PERSONALES,A,ACTIVIDAD,830604580,830604580,114504580,0,0,0,4,2025,2025-04-25
2025,12,12,12-PODER EJECUTIVO,8,008-MINISTERIO DE SALUD PÚBLICA Y BIENESTAR SOCIAL,43,43 - DIR. GRAL DE VIGILANCIA DE LA SALUD,2,2-PROGRAMAS SUSTANTIVOS,3,003 - SERVICIOS DE APOYO Y DIAGNOSTICO P/ LA MEJORA EN LA ATENCIÓN,0,  0 - *,4,004-GESTIONES INTEGRADAS PARA LA PROVISIÓN DE BIOLÓGICOS,300,300 - SERVICIOS SOCIALES,310,310 - SALUD,319,319-SALUD SIN DISCRIMINAR,,,,10,10-RECURSOS DEL TESORO,100,100-SERVICIOS PERSONALES,140,140-PERSONAL CONTRATADO,142,142-CONTRATACIÓN DE PERSONAL DE SALUD,1,1 - GENUINO,99,99-ALCANCE NACIONAL,1000000,1000000-DIRECCION GENERAL DE ADMINISTRACION Y FINANZAS,12,12 - REMUNERACIONES VARIAS,A,ACTIVIDAD,2025493600,2025493600,4686400,0,0,0,4,2025,2025-04-25
2025,12,12,12-PODER EJECUTIVO,8,008-MINISTERIO DE SALUD PÚBLICA Y BIENESTAR SOCIAL,43,43 - DIR. GRAL DE VIGILANCIA DE LA SALUD,2,2-PROGRAMAS SUSTANTIVOS,3,003 - SERVICIOS DE APOYO Y DIAGNOSTICO P/ LA MEJORA EN LA ATENCIÓN,0,  0 - *,4,004-GESTIONES INTEGRADAS PARA LA PROVISIÓN DE BIOLÓGICOS,300,300 - SERVICIOS SOCIALES,310,310 - SALUD,319,319-SALUD SIN DISCRIMINAR,,,,10,10-RECURSOS DEL TESORO,100,100-SERVICIOS PERSONALES,140,140-PERSONAL CONTRATADO,144,144-JORNALES,1,1 - GENUINO,99,99-ALCANCE NACIONAL,1000000,1000000-DIRECCION GENERAL DE ADMINISTRACION Y FINANZAS,12,12 - REMUNERACIONES VARIAS,A,ACTIVIDAD,1039081459,1039081459,1081459,0,0,0,4,2025,2025-04-25
2025,12,12,12-PODER EJECUTIVO,8,008-MINISTERIO DE SALUD PÚBLICA Y BIENESTAR SOCIAL,51,51 - VICEMINISTERIO DE RECTORIA Y VIGILANCIA DE LA SALUD,2,2-PROGRAMAS SUSTANTIVOS,3,003 - SERVICIOS DE APOYO Y DIAGNOSTICO P/ LA MEJORA EN LA ATENCIÓN,0,  0 - *,2,002-HABILITACIÓN Y CONTROL DE LABORATORIOS DE ANALISIS CLÍNICOS,300,300 - SERVICIOS SOCIALES,310,310 - SALUD,319,319-SALUD SIN DISCRIMINAR,,,,10,10-RECURSOS DEL TESORO,100,100-SERVICIOS PERSONALES,110,110-REMUNERACIONES BÁSICAS,111,111-SUELDOS,1,1 - GENUINO,99,99-ALCANCE NACIONAL,1000000,1000000-DIRECCION GENERAL DE ADMINISTRACION Y FINANZAS,11,11 - REMUNERACIONES BÁSICAS,A,ACTIVIDAD,5855448000,5855448000,487954000,0,0,0,4,2025,2025-04-25
2025,12,12,12-PODER EJECUTIVO,8,008-MINISTERIO DE SALUD PÚBLICA Y BIENESTAR SOCIAL,51,51 - VICEMINISTERIO DE RECTORIA Y VIGILANCIA DE LA SALUD,2,2-PROGRAMAS SUSTANTIVOS,3,003 - SERVICIOS DE APOYO Y DIAGNOSTICO P/ LA MEJORA EN LA ATENCIÓN,0,  0 - *,2,002-HABILITACIÓN Y CONTROL DE LABORATORIOS DE ANALISIS CLÍNICOS,300,300 - SERVICIOS SOCIALES,310,310 - SALUD,319,319-SALUD SIN DISCRIMINAR,,,,10,10-RECURSOS DEL TESORO,100,100-SERVICIOS PERSONALES,110,110-REMUNERACIONES BÁSICAS,113,113-GASTOS DE REPRESENTACIÓN,1,1 - GENUINO,99,99-ALCANCE NACIONAL,1000000,1000000-DIRECCION GENERAL DE ADMINISTRACION Y FINANZAS,11,11 - REMUNERACIONES BÁSICAS,A,ACTIVIDAD,77476800,77476800,6456400,0,0,0,4,2025,2025-04-25
2025,12,12,12-PODER EJECUTIVO,8,008-MINISTERIO DE SALUD PÚBLICA Y BIENESTAR SOCIAL,51,51 - VICEMINISTERIO DE RECTORIA Y VIGILANCIA DE LA SALUD,2,2-PROGRAMAS SUSTANTIVOS,3,003 - SERVICIOS DE APOYO Y DIAGNOSTICO P/ LA MEJORA EN LA ATENCIÓN,0,  0 - *,2,002-HABILITACIÓN Y CONTROL DE LABORATORIOS DE ANALISIS CLÍNICOS,300,300 - SERVICIOS SOCIALES,310,310 - SALUD,319,319-SALUD SIN DISCRIMINAR,,,,10,10-RECURSOS DEL TESORO,100,100-SERVICIOS PERSONALES,110,110-REMUNERACIONES BÁSICAS,114,114-AGUINALDO,1,1 - GENUINO,99,99-ALCANCE NACIONAL,1000000,1000000-DIRECCION GENERAL DE ADMINISTRACION Y FINANZAS,11,11 - REMUNERACIONES BÁSICAS,A,ACTIVIDAD,494410400,494410400,494410400,0,0,0,4,2025,2025-04-25
2025,12,12,12-PODER EJECUTIVO,8,008-MINISTERIO DE SALUD PÚBLICA Y BIENESTAR SOCIAL,51,51 - VICEMINISTERIO DE RECTORIA Y VIGILANCIA DE LA SALUD,2,2-PROGRAMAS SUSTANTIVOS,3,003 - SERVICIOS DE APOYO Y DIAGNOSTICO P/ LA MEJORA EN LA ATENCIÓN,0,  0 - *,3,003-SERVICIOS LABORATORIALES,300,300 - SERVICIOS SOCIALES,310,310 - SALUD,319,319-SALUD SIN DISCRIMINAR,,,,10,10-RECURSOS DEL TESORO,100,100-SERVICIOS PERSONALES,130,130-ASIGNACIONES COMPLEMENTARIAS,133,133-BONIFICACIONES,1,1 - GENUINO,99,99-ALCANCE NACIONAL,1000000,1000000-DIRECCION GENERAL DE ADMINISTRACION Y FINANZAS,19,19 - OTROS SERVICIOS PERSONALES,A,ACTIVIDAD,1679464813,1679464813,219464813,0,0,0,4,2025,2025-04-25
2025,12,12,12-PODER EJECUTIVO,8,008-MINISTERIO DE SALUD PÚBLICA Y BIENESTAR SOCIAL,51,51 - VICEMINISTERIO DE RECTORIA Y VIGILANCIA DE LA SALUD,2,2-PROGRAMAS SUSTANTIVOS,3,003 - SERVICIOS DE APOYO Y DIAGNOSTICO P/ LA MEJORA EN LA ATENCIÓN,0,  0 - *,3,003-SERVICIOS LABORATORIALES,300,300 - SERVICIOS SOCIALES,310,310 - SALUD,319,319-SALUD SIN DISCRIMINAR,,,,30,30-RECURSOS INSTITUCIONALES,100,100-SERVICIOS PERSONALES,130,130-ASIGNACIONES COMPLEMENTARIAS,133,133-BONIFICACIONES,63,63 - CONACYT,99,99-ALCANCE NACIONAL,1000000,1000000-DIRECCION GENERAL DE ADMINISTRACION Y FINANZAS,19,19 - OTROS SERVICIOS PERSONALES,A,ACTIVIDAD,32000000,32000000,7000000,0,0,0,4,2025,2025-04-25
2025,12,12,12-PODER EJECUTIVO,8,008-MINISTERIO DE SALUD PÚBLICA Y BIENESTAR SOCIAL,51,51 - VICEMINISTERIO DE RECTORIA Y VIGILANCIA DE LA SALUD,2,2-PROGRAMAS SUSTANTIVOS,3,003 - SERVICIOS DE APOYO Y DIAGNOSTICO P/ LA MEJORA EN LA ATENCIÓN,0,  0 - *,3,003-SERVICIOS LABORATORIALES,300,300 - SERVICIOS SOCIALES,310,310 - SALUD,319,319-SALUD SIN DISCRIMINAR,,,,10,10-RECURSOS DEL TESORO,100,100-SERVICIOS PERSONALES,140,140-PERSONAL CONTRATADO,141,141-CONTRATACIÓN DE PERSONAL TÉCNICO,1,1 - GENUINO,99,99-ALCANCE NACIONAL,1000000,1000000-DIRECCION GENERAL DE ADMINISTRACION Y FINANZAS,12,12 - REMUNERACIONES VARIAS,A,ACTIVIDAD,83584800,83584800,12859200,0,0,0,4,2025,2025-04-25
2025,12,12,12-PODER EJECUTIVO,8,008-MINISTERIO DE SALUD PÚBLICA Y BIENESTAR SOCIAL,51,51 - VICEMINISTERIO DE RECTORIA Y VIGILANCIA DE LA SALUD,2,2-PROGRAMAS SUSTANTIVOS,3,003 - SERVICIOS DE APOYO Y DIAGNOSTICO P/ LA MEJORA EN LA ATENCIÓN,0,  0 - *,3,003-SERVICIOS LABORATORIALES,300,300 - SERVICIOS SOCIALES,310,310 - SALUD,319,319-SALUD SIN DISCRIMINAR,,,,10,10-RECURSOS DEL TESORO,100,100-SERVICIOS PERSONALES,140,140-PERSONAL CONTRATADO,142,142-CONTRATACIÓN DE PERSONAL DE SALUD,1,1 - GENUINO,99,99-ALCANCE NACIONAL,1000000,1000000-DIRECCION GENERAL DE ADMINISTRACION Y FINANZAS,12,12 - REMUNERACIONES VARIAS,A,ACTIVIDAD,3384711200,3384711200,1844000,0,0,0,4,2025,2025-04-25
2025,12,12,12-PODER EJECUTIVO,8,008-MINISTERIO DE SALUD PÚBLICA Y BIENESTAR SOCIAL,51,51 - VICEMINISTERIO DE RECTORIA Y VIGILANCIA DE LA SALUD,2,2-PROGRAMAS SUSTANTIVOS,3,003 - SERVICIOS DE APOYO Y DIAGNOSTICO P/ LA MEJORA EN LA ATENCIÓN,0,  0 - *,3,003-SERVICIOS LABORATORIALES,300,300 - SERVICIOS SOCIALES,310,310 - SALUD,319,319-SALUD SIN DISCRIMINAR,,,,30,30-RECURSOS INSTITUCIONALES,100,100-SERVICIOS PERSONALES,140,140-PERSONAL CONTRATADO,142,142-CONTRATACIÓN DE PERSONAL DE SALUD,63,63 - CONACYT,99,99-ALCANCE NACIONAL,1000000,1000000-DIRECCION GENERAL DE ADMINISTRACION Y FINANZAS,12,12 - REMUNERACIONES VARIAS,A,ACTIVIDAD,49920000,49920000,0,0,0,0,4,2025,2025-04-25
2025,12,12,12-PODER EJECUTIVO,8,008-MINISTERIO DE SALUD PÚBLICA Y BIENESTAR SOCIAL,51,51 - VICEMINISTERIO DE RECTORIA Y VIGILANCIA DE LA SALUD,2,2-PROGRAMAS SUSTANTIVOS,3,003 - SERVICIOS DE APOYO Y DIAGNOSTICO P/ LA MEJORA EN LA ATENCIÓN,0,  0 - *,3,003-SERVICIOS LABORATORIALES,300,300 - SERVICIOS SOCIALES,310,310 - SALUD,319,319-SALUD SIN DISCRIMINAR,,,,10,10-RECURSOS DEL TESORO,100,100-SERVICIOS PERSONALES,140,140-PERSONAL CONTRATADO,144,144-JORNALES,1,1 - GENUINO,99,99-ALCANCE NACIONAL,1000000,1000000-DIRECCION GENERAL DE ADMINISTRACION Y FINANZAS,12,12 - REMUNERACIONES VARIAS,A,ACTIVIDAD,1318505396,1318505396,3505396,0,0,0,4,2025,2025-04-25
2025,12,12,12-PODER EJECUTIVO,8,008-MINISTERIO DE SALUD PÚBLICA Y BIENESTAR SOCIAL,51,51 - VICEMINISTERIO DE RECTORIA Y VIGILANCIA DE LA SALUD,2,2-PROGRAMAS SUSTANTIVOS,3,003 - SERVICIOS DE APOYO Y DIAGNOSTICO P/ LA MEJORA EN LA ATENCIÓN,0,  0 - *,3,003-SERVICIOS LABORATORIALES,300,300 - SERVICIOS SOCIALES,310,310 - SALUD,319,319-SALUD SIN DISCRIMINAR,,,,10,10-RECURSOS DEL TESORO,100,100-SERVICIOS PERSONALES,140,140-PERSONAL CONTRATADO,145,145-HONORARIOS PROFESIONALES,1,1 - GENUINO,99,99-ALCANCE NACIONAL,1000000,1000000-DIRECCION GENERAL DE ADMINISTRACION Y FINANZAS,12,12 - REMUNERACIONES VARIAS,A,ACTIVIDAD,243469200,243469200,32969200,0,0,0,4,2025,2025-04-25
2025,12,12,12-PODER EJECUTIVO,8,008-MINISTERIO DE SALUD PÚBLICA Y BIENESTAR SOCIAL,43,43 - DIR. GRAL DE VIGILANCIA DE LA SALUD,2,2-PROGRAMAS SUSTANTIVOS,3,003 - SERVICIOS DE APOYO Y DIAGNOSTICO P/ LA MEJORA EN LA ATENCIÓN,0,  0 - *,4,004-GESTIONES INTEGRADAS PARA LA PROVISIÓN DE BIOLÓGICOS,300,300 - SERVICIOS SOCIALES,310,310 - SALUD,319,319-SALUD SIN DISCRIMINAR,,,,10,10-RECURSOS DEL TESORO,100,100-SERVICIOS PERSONALES,110,110-REMUNERACIONES BÁSICAS,111,111-SUELDOS,1,1 - GENUINO,99,99-ALCANCE NACIONAL,1000000,1000000-DIRECCION GENERAL DE ADMINISTRACION Y FINANZAS,11,11 - REMUNERACIONES BÁSICAS,A,ACTIVIDAD,1280400000,1280400000,106700000,0,0,0,6,2025,2025-06-25
2025,12,12,12-PODER EJECUTIVO,8,008-MINISTERIO DE SALUD PÚBLICA Y BIENESTAR SOCIAL,43,43 - DIR. GRAL DE VIGILANCIA DE LA SALUD,2,2-PROGRAMAS SUSTANTIVOS,3,003 - SERVICIOS DE APOYO Y DIAGNOSTICO P/ LA MEJORA EN LA ATENCIÓN,0,  0 - *,4,004-GESTIONES INTEGRADAS PARA LA PROVISIÓN DE BIOLÓGICOS,300,300 - SERVICIOS SOCIALES,310,310 - SALUD,319,319-SALUD SIN DISCRIMINAR,,,,10,10-RECURSOS DEL TESORO,100,100-SERVICIOS PERSONALES,120,120-REMUNERACIONES TEMPORALES,123,123-REMUNERACIÓN EXTRAORDINARIA,1,1 - GENUINO,99,99-ALCANCE NACIONAL,1000000,1000000-DIRECCION GENERAL DE ADMINISTRACION Y FINANZAS,12,12 - REMUNERACIONES VARIAS,A,ACTIVIDAD,271537746,271537746,1537746,0,0,0,6,2025,2025-06-25
2025,12,12,12-PODER EJECUTIVO,8,008-MINISTERIO DE SALUD PÚBLICA Y BIENESTAR SOCIAL,43,43 - DIR. GRAL DE VIGILANCIA DE LA SALUD,2,2-PROGRAMAS SUSTANTIVOS,3,003 - SERVICIOS DE APOYO Y DIAGNOSTICO P/ LA MEJORA EN LA ATENCIÓN,0,  0 - *,4,004-GESTIONES INTEGRADAS PARA LA PROVISIÓN DE BIOLÓGICOS,300,300 - SERVICIOS SOCIALES,310,310 - SALUD,319,319-SALUD SIN DISCRIMINAR,,,,10,10-RECURSOS DEL TESORO,100,100-SERVICIOS PERSONALES,130,130-ASIGNACIONES COMPLEMENTARIAS,133,133-BONIFICACIONES,1,1 - GENUINO,99,99-ALCANCE NACIONAL,1000000,1000000-DIRECCION GENERAL DE ADMINISTRACION Y FINANZAS,19,19 - OTROS SERVICIOS PERSONALES,A,ACTIVIDAD,830604580,830604580,114504580,0,0,0,6,2025,2025-06-25
2025,12,12,12-PODER EJECUTIVO,8,008-MINISTERIO DE SALUD PÚBLICA Y BIENESTAR SOCIAL,43,43 - DIR. GRAL DE VIGILANCIA DE LA SALUD,2,2-PROGRAMAS SUSTANTIVOS,3,003 - SERVICIOS DE APOYO Y DIAGNOSTICO P/ LA MEJORA EN LA ATENCIÓN,0,  0 - *,4,004-GESTIONES INTEGRADAS PARA LA PROVISIÓN DE BIOLÓGICOS,300,300 - SERVICIOS SOCIALES,310,310 - SALUD,319,319-SALUD SIN DISCRIMINAR,,,,10,10-RECURSOS DEL TESORO,100,100-SERVICIOS PERSONALES,140,140-PERSONAL CONTRATADO,142,142-CONTRATACIÓN DE PERSONAL DE SALUD,1,1 - GENUINO,99,99-ALCANCE NACIONAL,1000000,1000000-DIRECCION GENERAL DE ADMINISTRACION Y FINANZAS,12,12 - REMUNERACIONES VARIAS,A,ACTIVIDAD,2025493600,2025493600,4686400,0,0,0,6,2025,2025-06-25
2025,12,12,12-PODER EJECUTIVO,8,008-MINISTERIO DE SALUD PÚBLICA Y BIENESTAR SOCIAL,51,51 - VICEMINISTERIO DE RECTORIA Y VIGILANCIA DE LA SALUD,2,2-PROGRAMAS SUSTANTIVOS,3,003 - SERVICIOS DE APOYO Y DIAGNOSTICO P/ LA MEJORA EN LA ATENCIÓN,0,  0 - *,3,003-SERVICIOS LABORATORIALES,300,300 - SERVICIOS SOCIALES,310,310 - SALUD,319,319-SALUD SIN DISCRIMINAR,,,,10,10-RECURSOS DEL TESORO,100,100-SERVICIOS PERSONALES,130,130-ASIGNACIONES COMPLEMENTARIAS,133,133-BONIFICACIONES,1,1 - GENUINO,99,99-ALCANCE NACIONAL,1000000,1000000-DIRECCION GENERAL DE ADMINISTRACION Y FINANZAS,19,19 - OTROS SERVICIOS PERSONALES,A,ACTIVIDAD,1679464813,1679464813,219464813,0,0,0,6,2025,2025-06-25
2025,12,12,12-PODER EJECUTIVO,8,008-MINISTERIO DE SALUD PÚBLICA Y BIENESTAR SOCIAL,51,51 - VICEMINISTERIO DE RECTORIA Y VIGILANCIA DE LA SALUD,2,2-PROGRAMAS SUSTANTIVOS,3,003 - SERVICIOS DE APOYO Y DIAGNOSTICO P/ LA MEJORA EN LA ATENCIÓN,0,  0 - *,3,003-SERVICIOS LABORATORIALES,300,300 - SERVICIOS SOCIALES,310,310 - SALUD,319,319-SALUD SIN DISCRIMINAR,,,,30,30-RECURSOS INSTITUCIONALES,100,100-SERVICIOS PERSONALES,130,130-ASIGNACIONES COMPLEMENTARIAS,133,133-BONIFICACIONES,63,63 - CONACYT,99,99-ALCANCE NACIONAL,1000000,1000000-DIRECCION GENERAL DE ADMINISTRACION Y FINANZAS,19,19 - OTROS SERVICIOS PERSONALES,A,ACTIVIDAD,32000000,147387500,23480000,0,0,0,6,2025,2025-06-25
2025,12,12,12-PODER EJECUTIVO,8,008-MINISTERIO DE SALUD PÚBLICA Y BIENESTAR SOCIAL,51,51 - VICEMINISTERIO DE RECTORIA Y VIGILANCIA DE LA SALUD,2,2-PROGRAMAS SUSTANTIVOS,3,003 - SERVICIOS DE APOYO Y DIAGNOSTICO P/ LA MEJORA EN LA ATENCIÓN,0,  0 - *,3,003-SERVICIOS LABORATORIALES,300,300 - SERVICIOS SOCIALES,310,310 - SALUD,319,319-SALUD SIN DISCRIMINAR,,,,10,10-RECURSOS DEL TESORO,100,100-SERVICIOS PERSONALES,140,140-PERSONAL CONTRATADO,141,141-CONTRATACIÓN DE PERSONAL TÉCNICO,1,1 - GENUINO,99,99-ALCANCE NACIONAL,1000000,1000000-DIRECCION GENERAL DE ADMINISTRACION Y FINANZAS,12,12 - REMUNERACIONES VARIAS,A,ACTIVIDAD,83584800,83584800,12859200,0,0,0,6,2025,2025-06-25
2025,12,12,12-PODER EJECUTIVO,8,008-MINISTERIO DE SALUD PÚBLICA Y BIENESTAR SOCIAL,51,51 - VICEMINISTERIO DE RECTORIA Y VIGILANCIA DE LA SALUD,2,2-PROGRAMAS SUSTANTIVOS,3,003 - SERVICIOS DE APOYO Y DIAGNOSTICO P/ LA MEJORA EN LA ATENCIÓN,0,  0 - *,3,003-SERVICIOS LABORATORIALES,300,300 - SERVICIOS SOCIALES,310,310 - SALUD,319,319-SALUD SIN DISCRIMINAR,,,,10,10-RECURSOS DEL TESORO,100,100-SERVICIOS PERSONALES,140,140-PERSONAL CONTRATADO,142,142-CONTRATACIÓN DE PERSONAL DE SALUD,1,1 - GENUINO,99,99-ALCANCE NACIONAL,1000000,1000000-DIRECCION GENERAL DE ADMINISTRACION Y FINANZAS,12,12 - REMUNERACIONES VARIAS,A,ACTIVIDAD,3384711200,3384711200,1844000,0,0,0,6,2025,2025-06-25
2025,12,12,12-PODER EJECUTIVO,8,008-MINISTERIO DE SALUD PÚBLICA Y BIENESTAR SOCIAL,51,51 - VICEMINISTERIO DE RECTORIA Y VIGILANCIA DE LA SALUD,2,2-PROGRAMAS SUSTANTIVOS,3,003 - SERVICIOS DE APOYO Y DIAGNOSTICO P/ LA MEJORA EN LA ATENCIÓN,0,  0 - *,3,003-SERVICIOS LABORATORIALES,300,300 - SERVICIOS SOCIALES,310,310 - SALUD,319,319-SALUD SIN DISCRIMINAR,,,,30,30-RECURSOS INSTITUCIONALES,100,100-SERVICIOS PERSONALES,140,140-PERSONAL CONTRATADO,142,142-CONTRATACIÓN DE PERSONAL DE SALUD,63,63 - CONACYT,99,99-ALCANCE NACIONAL,1000000,1000000-DIRECCION GENERAL DE ADMINISTRACION Y FINANZAS,12,12 - REMUNERACIONES VARIAS,A,ACTIVIDAD,49920000,49920000,0,0,0,0,6,2025,2025-06-25
2025,12,12,12-PODER EJECUTIVO,8,008-MINISTERIO DE SALUD PÚBLICA Y BIENESTAR SOCIAL,51,51 - VICEMINISTERIO DE RECTORIA Y VIGILANCIA DE LA SALUD,2,2-PROGRAMAS SUSTANTIVOS,3,003 - SERVICIOS DE APOYO Y DIAGNOSTICO P/ LA MEJORA EN LA ATENCIÓN,0,  0 - *,3,003-SERVICIOS LABORATORIALES,300,300 - SERVICIOS SOCIALES,310,310 - SALUD,319,319-SALUD SIN DISCRIMINAR,,,,10,10-RECURSOS DEL TESORO,100,100-SERVICIOS PERSONALES,140,140-PERSONAL CONTRATADO,144,144-JORNALES,1,1 - GENUINO,99,99-ALCANCE NACIONAL,1000000,1000000-DIRECCION GENERAL DE ADMINISTRACION Y FINANZAS,12,12 - REMUNERACIONES VARIAS,A,ACTIVIDAD,1318505396,1318505396,3505396,0,0,0,6,2025,2025-06-25
2025,12,12,12-PODER EJECUTIVO,8,008-MINISTERIO DE SALUD PÚBLICA Y BIENESTAR SOCIAL,51,51 - VICEMINISTERIO DE RECTORIA Y VIGILANCIA DE LA SALUD,2,2-PROGRAMAS SUSTANTIVOS,3,003 - SERVICIOS DE APOYO Y DIAGNOSTICO P/ LA MEJORA EN LA ATENCIÓN,0,  0 - *,3,003-SERVICIOS LABORATORIALES,300,300 - SERVICIOS SOCIALES,310,310 - SALUD,319,319-SALUD SIN DISCRIMINAR,,,,10,10-RECURSOS DEL TESORO,100,100-SERVICIOS PERSONALES,140,140-PERSONAL CONTRATADO,145,145-HONORARIOS PROFESIONALES,1,1 - GENUINO,99,99-ALCANCE NACIONAL,1000000,1000000-DIRECCION GENERAL DE ADMINISTRACION Y FINANZAS,12,12 - REMUNERACIONES VARIAS,A,ACTIVIDAD,243469200,243469200,32969200,0,0,0,6,2025,2025-06-25
2025,12,12,12-PODER EJECUTIVO,8,008-MINISTERIO DE SALUD PÚBLICA Y BIENESTAR SOCIAL,51,51 - VICEMINISTERIO DE RECTORIA Y VIGILANCIA DE LA SALUD,2,2-PROGRAMAS SUSTANTIVOS,3,003 - SERVICIOS DE APOYO Y DIAGNOSTICO P/ LA MEJORA EN LA ATENCIÓN,0,  0 - *,3,003-SERVICIOS LABORATORIALES,300,300 - SERVICIOS SOCIALES,310,310 - SALUD,319,319-SALUD SIN DISCRIMINAR,,,,30,30-RECURSOS INSTITUCIONALES,100,100-SERVICIOS PERSONALES,140,140-PERSONAL CONTRATADO,144,144-JORNALES,63,63 - CONACYT,99,99-ALCANCE NACIONAL,1000000,1000000-DIRECCION GENERAL DE ADMINISTRACION Y FINANZAS,12,12 - REMUNERACIONES VARIAS,A,ACTIVIDAD,0,13275000,4155000,0,0,0,11,2025,2025-11-25
2025,12,12,12-PODER EJECUTIVO,8,008-MINISTERIO DE SALUD PÚBLICA Y BIENESTAR SOCIAL,41,41 - DIRECCIÓN GRAL. DE DES. DE LOS SERV.DE SALUD,2,2-PROGRAMAS SUSTANTIVOS,3,003 - SERVICIOS DE APOYO Y DIAGNOSTICO P/ LA MEJORA EN LA ATENCIÓN,0,  0 - *,1,"001-OBTENCIÓN, PRODUCCIÓN Y SUMINISTROS DE SANGRE",300,300 - SERVICIOS SOCIALES,310,310 - SALUD,319,319-SALUD SIN DISCRIMINAR,,,,10,10-RECURSOS DEL TESORO,100,100-SERVICIOS PERSONALES,110,110-REMUNERACIONES BÁSICAS,111,111-SUELDOS,1,1 - GENUINO,99,99-ALCANCE NACIONAL,1000000,1000000-DIRECCION GENERAL DE ADMINISTRACION Y FINANZAS,11,11 - REMUNERACIONES BÁSICAS,A,ACTIVIDAD,1319856000,1319856000,109988000,0,0,0,11,2025,2025-11-25
2025,12,12,12-PODER EJECUTIVO,8,008-MINISTERIO DE SALUD PÚBLICA Y BIENESTAR SOCIAL,43,43 - DIR. GRAL DE VIGILANCIA DE LA SALUD,2,2-PROGRAMAS SUSTANTIVOS,3,003 - SERVICIOS DE APOYO Y DIAGNOSTICO P/ LA MEJORA EN LA ATENCIÓN,0,  0 - *,4,004-GESTIONES INTEGRADAS PARA LA PROVISIÓN DE BIOLÓGICOS,300,300 - SERVICIOS SOCIALES,310,310 - SALUD,319,319-SALUD SIN DISCRIMINAR,,,,10,10-RECURSOS DEL TESORO,100,100-SERVICIOS PERSONALES,140,140-PERSONAL CONTRATADO,142,142-CONTRATACIÓN DE PERSONAL DE SALUD,1,1 - GENUINO,99,99-ALCANCE NACIONAL,1000000,1000000-DIRECCION GENERAL DE ADMINISTRACION Y FINANZAS,12,12 - REMUNERACIONES VARIAS,A,ACTIVIDAD,2025493600,2045493600,4686400,0,0,0,11,2025,2025-11-25
2025,12,12,12-PODER EJECUTIVO,8,008-MINISTERIO DE SALUD PÚBLICA Y BIENESTAR SOCIAL,43,43 - DIR. GRAL DE VIGILANCIA DE LA SALUD,2,2-PROGRAMAS SUSTANTIVOS,3,003 - SERVICIOS DE APOYO Y DIAGNOSTICO P/ LA MEJORA EN LA ATENCIÓN,0,  0 - *,4,004-GESTIONES INTEGRADAS PARA LA PROVISIÓN DE BIOLÓGICOS,300,300 - SERVICIOS SOCIALES,310,310 - SALUD,319,319-SALUD SIN DISCRIMINAR,,,,10,10-RECURSOS DEL TESORO,100,100-SERVICIOS PERSONALES,140,140-PERSONAL CONTRATADO,145,145-HONORARIOS PROFESIONALES,1,1 - GENUINO,99,99-ALCANCE NACIONAL,1000000,1000000-DIRECCION GENERAL DE ADMINISTRACION Y FINANZAS,12,12 - REMUNERACIONES VARIAS,A,ACTIVIDAD,0,63882000,0,0,0,0,11,2025,2025-11-25
2025,12,12,12-PODER EJECUTIVO,8,008-MINISTERIO DE SALUD PÚBLICA Y BIENESTAR SOCIAL,41,41 - DIRECCIÓN GRAL. DE DES. DE LOS SERV.DE SALUD,2,2-PROGRAMAS SUSTANTIVOS,3,003 - SERVICIOS DE APOYO Y DIAGNOSTICO P/ LA MEJORA EN LA ATENCIÓN,0,  0 - *,1,"001-OBTENCIÓN, PRODUCCIÓN Y SUMINISTROS DE SANGRE",300,300 - SERVICIOS SOCIALES,310,310 - SALUD,319,319-SALUD SIN DISCRIMINAR,,,,10,10-RECURSOS DEL TESORO,100,100-SERVICIOS PERSONALES,140,140-PERSONAL CONTRATADO,144,144-JORNALES,1,1 - GENUINO,99,99-ALCANCE NACIONAL,1000000,1000000-DIRECCION GENERAL DE ADMINISTRACION Y FINANZAS,12,12 - REMUNERACIONES VARIAS,A,ACTIVIDAD,441162800,478212800,162800,0,0,0,11,2025,2025-11-25
2025,12,12,12-PODER EJECUTIVO,8,008-MINISTERIO DE SALUD PÚBLICA Y BIENESTAR SOCIAL,41,41 - DIRECCIÓN GRAL. DE DES. DE LOS SERV.DE SALUD,2,2-PROGRAMAS SUSTANTIVOS,3,003 - SERVICIOS DE APOYO Y DIAGNOSTICO P/ LA MEJORA EN LA ATENCIÓN,0,  0 - *,1,"001-OBTENCIÓN, PRODUCCIÓN Y SUMINISTROS DE SANGRE",300,300 - SERVICIOS SOCIALES,310,310 - SALUD,319,319-SALUD SIN DISCRIMINAR,,,,10,10-RECURSOS DEL TESORO,100,100-SERVICIOS PERSONALES,110,110-REMUNERACIONES BÁSICAS,113,113-GASTOS DE REPRESENTACIÓN,1,1 - GENUINO,99,99-ALCANCE NACIONAL,1000000,1000000-DIRECCION GENERAL DE ADMINISTRACION Y FINANZAS,11,11 - REMUNERACIONES BÁSICAS,A,ACTIVIDAD,38738400,38738400,3228200,0,0,0,11,2025,2025-11-25
2025,12,12,12-PODER EJECUTIVO,8,008-MINISTERIO DE SALUD PÚBLICA Y BIENESTAR SOCIAL,41,41 - DIRECCIÓN GRAL. DE DES. DE LOS SERV.DE SALUD,2,2-PROGRAMAS SUSTANTIVOS,3,003 - SERVICIOS DE APOYO Y DIAGNOSTICO P/ LA MEJORA EN LA ATENCIÓN,0,  0 - *,1,"001-OBTENCIÓN, PRODUCCIÓN Y SUMINISTROS DE SANGRE",300,300 - SERVICIOS SOCIALES,310,310 - SALUD,319,319-SALUD SIN DISCRIMINAR,,,,10,10-RECURSOS DEL TESORO,100,100-SERVICIOS PERSONALES,110,110-REMUNERACIONES BÁSICAS,114,114-AGUINALDO,1,1 - GENUINO,99,99-ALCANCE NACIONAL,1000000,1000000-DIRECCION GENERAL DE ADMINISTRACION Y FINANZAS,11,11 - REMUNERACIONES BÁSICAS,A,ACTIVIDAD,113216200,113216200,113216200,0,0,0,11,2025,2025-11-25
2025,12,12,12-PODER EJECUTIVO,8,008-MINISTERIO DE SALUD PÚBLICA Y BIENESTAR SOCIAL,41,41 - DIRECCIÓN GRAL. DE DES. DE LOS SERV.DE SALUD,2,2-PROGRAMAS SUSTANTIVOS,3,003 - SERVICIOS DE APOYO Y DIAGNOSTICO P/ LA MEJORA EN LA ATENCIÓN,0,  0 - *,1,"001-OBTENCIÓN, PRODUCCIÓN Y SUMINISTROS DE SANGRE",300,300 - SERVICIOS SOCIALES,310,310 - SALUD,319,319-SALUD SIN DISCRIMINAR,,,,10,10-RECURSOS DEL TESORO,100,100-SERVICIOS PERSONALES,130,130-ASIGNACIONES COMPLEMENTARIAS,133,133-BONIFICACIONES,1,1 - GENUINO,99,99-ALCANCE NACIONAL,1000000,1000000-DIRECCION GENERAL DE ADMINISTRACION Y FINANZAS,19,19 - OTROS SERVICIOS PERSONALES,A,ACTIVIDAD,687466659,683745192,82844772,0,0,0,11,2025,2025-11-25
2025,12,12,12-PODER EJECUTIVO,8,008-MINISTERIO DE SALUD PÚBLICA Y BIENESTAR SOCIAL,41,41 - DIRECCIÓN GRAL. DE DES. DE LOS SERV.DE SALUD,2,2-PROGRAMAS SUSTANTIVOS,3,003 - SERVICIOS DE APOYO Y DIAGNOSTICO P/ LA MEJORA EN LA ATENCIÓN,0,  0 - *,1,"001-OBTENCIÓN, PRODUCCIÓN Y SUMINISTROS DE SANGRE",300,300 - SERVICIOS SOCIALES,310,310 - SALUD,319,319-SALUD SIN DISCRIMINAR,,,,10,10-RECURSOS DEL TESORO,100,100-SERVICIOS PERSONALES,140,140-PERSONAL CONTRATADO,142,142-CONTRATACIÓN DE PERSONAL DE SALUD,1,1 - GENUINO,99,99-ALCANCE NACIONAL,1000000,1000000-DIRECCION GENERAL DE ADMINISTRACION Y FINANZAS,12,12 - REMUNERACIONES VARIAS,A,ACTIVIDAD,1656158400,1692158400,4561600,0,0,0,11,2025,2025-11-25
2025,12,12,12-PODER EJECUTIVO,8,008-MINISTERIO DE SALUD PÚBLICA Y BIENESTAR SOCIAL,41,41 - DIRECCIÓN GRAL. DE DES. DE LOS SERV.DE SALUD,2,2-PROGRAMAS SUSTANTIVOS,3,003 - SERVICIOS DE APOYO Y DIAGNOSTICO P/ LA MEJORA EN LA ATENCIÓN,0,  0 - *,1,"001-OBTENCIÓN, PRODUCCIÓN Y SUMINISTROS DE SANGRE",300,300 - SERVICIOS SOCIALES,310,310 - SALUD,319,319-SALUD SIN DISCRIMINAR,,,,10,10-RECURSOS DEL TESORO,100,100-SERVICIOS PERSONALES,140,140-PERSONAL CONTRATADO,145,145-HONORARIOS PROFESIONALES,1,1 - GENUINO,99,99-ALCANCE NACIONAL,1000000,1000000-DIRECCION GENERAL DE ADMINISTRACION Y FINANZAS,12,12 - REMUNERACIONES VARIAS,A,ACTIVIDAD,52000000,55721467,3934400,0,0,0,11,2025,2025-11-25
2025,12,12,12-PODER EJECUTIVO,8,008-MINISTERIO DE SALUD PÚBLICA Y BIENESTAR SOCIAL,43,43 - DIR. GRAL DE VIGILANCIA DE LA SALUD,2,2-PROGRAMAS SUSTANTIVOS,3,003 - SERVICIOS DE APOYO Y DIAGNOSTICO P/ LA MEJORA EN LA ATENCIÓN,0,  0 - *,4,004-GESTIONES INTEGRADAS PARA LA PROVISIÓN DE BIOLÓGICOS,300,300 - SERVICIOS SOCIALES,310,310 - SALUD,319,319-SALUD SIN DISCRIMINAR,,,,10,10-RECURSOS DEL TESORO,100,100-SERVICIOS PERSONALES,110,110-REMUNERACIONES BÁSICAS,114,114-AGUINALDO,1,1 - GENUINO,99,99-ALCANCE NACIONAL,1000000,1000000-DIRECCION GENERAL DE ADMINISTRACION Y FINANZAS,11,11 - REMUNERACIONES BÁSICAS,A,ACTIVIDAD,109928200,109928200,109928200,0,0,0,11,2025,2025-11-25
2025,12,12,12-PODER EJECUTIVO,8,008-MINISTERIO DE SALUD PÚBLICA Y BIENESTAR SOCIAL,51,51 - VICEMINISTERIO DE RECTORIA Y VIGILANCIA DE LA SALUD,2,2-PROGRAMAS SUSTANTIVOS,3,003 - SERVICIOS DE APOYO Y DIAGNOSTICO P/ LA MEJORA EN LA ATENCIÓN,0,  0 - *,2,002-HABILITACIÓN Y CONTROL DE LABORATORIOS DE ANALISIS CLÍNICOS,300,300 - SERVICIOS SOCIALES,310,310 - SALUD,319,319-SALUD SIN DISCRIMINAR,,,,10,10-RECURSOS DEL TESORO,100,100-SERVICIOS PERSONALES,110,110-REMUNERACIONES BÁSICAS,113,113-GASTOS DE REPRESENTACIÓN,1,1 - GENUINO,99,99-ALCANCE NACIONAL,1000000,1000000-DIRECCION GENERAL DE ADMINISTRACION Y FINANZAS,11,11 - REMUNERACIONES BÁSICAS,A,ACTIVIDAD,77476800,77476800,6456400,0,0,0,11,2025,2025-11-25
2025,12,12,12-PODER EJECUTIVO,8,008-MINISTERIO DE SALUD PÚBLICA Y BIENESTAR SOCIAL,51,51 - VICEMINISTERIO DE RECTORIA Y VIGILANCIA DE LA SALUD,2,2-PROGRAMAS SUSTANTIVOS,3,003 - SERVICIOS DE APOYO Y DIAGNOSTICO P/ LA MEJORA EN LA ATENCIÓN,0,  0 - *,2,002-HABILITACIÓN Y CONTROL DE LABORATORIOS DE ANALISIS CLÍNICOS,300,300 - SERVICIOS SOCIALES,310,310 - SALUD,319,319-SALUD SIN DISCRIMINAR,,,,10,10-RECURSOS DEL TESORO,100,100-SERVICIOS PERSONALES,110,110-REMUNERACIONES BÁSICAS,111,111-SUELDOS,1,1 - GENUINO,99,99-ALCANCE NACIONAL,1000000,1000000-DIRECCION GENERAL DE ADMINISTRACION Y FINANZAS,11,11 - REMUNERACIONES BÁSICAS,A,ACTIVIDAD,5855448000,5855448000,341554000,0,0,0,11,2025,2025-11-25
2025,12,12,12-PODER EJECUTIVO,8,008-MINISTERIO DE SALUD PÚBLICA Y BIENESTAR SOCIAL,51,51 - VICEMINISTERIO DE RECTORIA Y VIGILANCIA DE LA SALUD,2,2-PROGRAMAS SUSTANTIVOS,3,003 - SERVICIOS DE APOYO Y DIAGNOSTICO P/ LA MEJORA EN LA ATENCIÓN,0,  0 - *,2,002-HABILITACIÓN Y CONTROL DE LABORATORIOS DE ANALISIS CLÍNICOS,300,300 - SERVICIOS SOCIALES,310,310 - SALUD,319,319-SALUD SIN DISCRIMINAR,,,,10,10-RECURSOS DEL TESORO,100,100-SERVICIOS PERSONALES,110,110-REMUNERACIONES BÁSICAS,114,114-AGUINALDO,1,1 - GENUINO,99,99-ALCANCE NACIONAL,1000000,1000000-DIRECCION GENERAL DE ADMINISTRACION Y FINANZAS,11,11 - REMUNERACIONES BÁSICAS,A,ACTIVIDAD,494410400,494410400,482210400,0,0,0,11,2025,2025-11-25
2025,12,12,12-PODER EJECUTIVO,8,008-MINISTERIO DE SALUD PÚBLICA Y BIENESTAR SOCIAL,51,51 - VICEMINISTERIO DE RECTORIA Y VIGILANCIA DE LA SALUD,2,2-PROGRAMAS SUSTANTIVOS,3,003 - SERVICIOS DE APOYO Y DIAGNOSTICO P/ LA MEJORA EN LA ATENCIÓN,0,  0 - *,3,003-SERVICIOS LABORATORIALES,300,300 - SERVICIOS SOCIALES,310,310 - SALUD,319,319-SALUD SIN DISCRIMINAR,,,,10,10-RECURSOS DEL TESORO,100,100-SERVICIOS PERSONALES,140,140-PERSONAL CONTRATADO,141,141-CONTRATACIÓN DE PERSONAL TÉCNICO,1,1 - GENUINO,99,99-ALCANCE NACIONAL,1000000,1000000-DIRECCION GENERAL DE ADMINISTRACION Y FINANZAS,12,12 - REMUNERACIONES VARIAS,A,ACTIVIDAD,83584800,83584800,12859200,0,0,0,11,2025,2025-11-25
2025,12,12,12-PODER EJECUTIVO,8,008-MINISTERIO DE SALUD PÚBLICA Y BIENESTAR SOCIAL,51,51 - VICEMINISTERIO DE RECTORIA Y VIGILANCIA DE LA SALUD,2,2-PROGRAMAS SUSTANTIVOS,3,003 - SERVICIOS DE APOYO Y DIAGNOSTICO P/ LA MEJORA EN LA ATENCIÓN,0,  0 - *,3,003-SERVICIOS LABORATORIALES,300,300 - SERVICIOS SOCIALES,310,310 - SALUD,319,319-SALUD SIN DISCRIMINAR,,,,10,10-RECURSOS DEL TESORO,100,100-SERVICIOS PERSONALES,130,130-ASIGNACIONES COMPLEMENTARIAS,133,133-BONIFICACIONES,1,1 - GENUINO,99,99-ALCANCE NACIONAL,1000000,1000000-DIRECCION GENERAL DE ADMINISTRACION Y FINANZAS,19,19 - OTROS SERVICIOS PERSONALES,A,ACTIVIDAD,1679464813,1559464813,99464813,0,0,0,11,2025,2025-11-25
2025,12,12,12-PODER EJECUTIVO,8,008-MINISTERIO DE SALUD PÚBLICA Y BIENESTAR SOCIAL,51,51 - VICEMINISTERIO DE RECTORIA Y VIGILANCIA DE LA SALUD,2,2-PROGRAMAS SUSTANTIVOS,3,003 - SERVICIOS DE APOYO Y DIAGNOSTICO P/ LA MEJORA EN LA ATENCIÓN,0,  0 - *,3,003-SERVICIOS LABORATORIALES,300,300 - SERVICIOS SOCIALES,310,310 - SALUD,319,319-SALUD SIN DISCRIMINAR,,,,30,30-RECURSOS INSTITUCIONALES,100,100-SERVICIOS PERSONALES,130,130-ASIGNACIONES COMPLEMENTARIAS,133,133-BONIFICACIONES,63,63 - CONACYT,99,99-ALCANCE NACIONAL,1000000,1000000-DIRECCION GENERAL DE ADMINISTRACION Y FINANZAS,19,19 - OTROS SERVICIOS PERSONALES,A,ACTIVIDAD,32000000,144537500,23480000,0,0,0,11,2025,2025-11-25
2025,12,12,12-PODER EJECUTIVO,8,008-MINISTERIO DE SALUD PÚBLICA Y BIENESTAR SOCIAL,51,51 - VICEMINISTERIO DE RECTORIA Y VIGILANCIA DE LA SALUD,2,2-PROGRAMAS SUSTANTIVOS,3,003 - SERVICIOS DE APOYO Y DIAGNOSTICO P/ LA MEJORA EN LA ATENCIÓN,0,  0 - *,3,003-SERVICIOS LABORATORIALES,300,300 - SERVICIOS SOCIALES,310,310 - SALUD,319,319-SALUD SIN DISCRIMINAR,,,,10,10-RECURSOS DEL TESORO,100,100-SERVICIOS PERSONALES,140,140-PERSONAL CONTRATADO,142,142-CONTRATACIÓN DE PERSONAL DE SALUD,1,1 - GENUINO,99,99-ALCANCE NACIONAL,1000000,1000000-DIRECCION GENERAL DE ADMINISTRACION Y FINANZAS,12,12 - REMUNERACIONES VARIAS,A,ACTIVIDAD,3384711200,3430711200,1844000,0,0,0,11,2025,2025-11-25
2025,12,12,12-PODER EJECUTIVO,8,008-MINISTERIO DE SALUD PÚBLICA Y BIENESTAR SOCIAL,51,51 - VICEMINISTERIO DE RECTORIA Y VIGILANCIA DE LA SALUD,2,2-PROGRAMAS SUSTANTIVOS,3,003 - SERVICIOS DE APOYO Y DIAGNOSTICO P/ LA MEJORA EN LA ATENCIÓN,0,  0 - *,3,003-SERVICIOS LABORATORIALES,300,300 - SERVICIOS SOCIALES,310,310 - SALUD,319,319-SALUD SIN DISCRIMINAR,,,,30,30-RECURSOS INSTITUCIONALES,100,100-SERVICIOS PERSONALES,140,140-PERSONAL CONTRATADO,142,142-CONTRATACIÓN DE PERSONAL DE SALUD,63,63 - CONACYT,99,99-ALCANCE NACIONAL,1000000,1000000-DIRECCION GENERAL DE ADMINISTRACION Y FINANZAS,12,12 - REMUNERACIONES VARIAS,A,ACTIVIDAD,49920000,49920000,0,0,0,0,11,2025,2025-11-25
2025,12,12,12-PODER EJECUTIVO,8,008-MINISTERIO DE SALUD PÚBLICA Y BIENESTAR SOCIAL,51,51 - VICEMINISTERIO DE RECTORIA Y VIGILANCIA DE LA SALUD,2,2-PROGRAMAS SUSTANTIVOS,3,003 - SERVICIOS DE APOYO Y DIAGNOSTICO P/ LA MEJORA EN LA ATENCIÓN,0,  0 - *,3,003-SERVICIOS LABORATORIALES,300,300 - SERVICIOS SOCIALES,310,310 - SALUD,319,319-SALUD SIN DISCRIMINAR,,,,10,10-RECURSOS DEL TESORO,100,100-SERVICIOS PERSONALES,140,140-PERSONAL CONTRATADO,144,144-JORNALES,1,1 - GENUINO,99,99-ALCANCE NACIONAL,1000000,1000000-DIRECCION GENERAL DE ADMINISTRACION Y FINANZAS,12,12 - REMUNERACIONES VARIAS,A,ACTIVIDAD,1318505396,1612129656,3505396,0,0,0,11,2025,2025-11-25
2025,12,12,12-PODER EJECUTIVO,8,008-MINISTERIO DE SALUD PÚBLICA Y BIENESTAR SOCIAL,51,51 - VICEMINISTERIO DE RECTORIA Y VIGILANCIA DE LA SALUD,2,2-PROGRAMAS SUSTANTIVOS,3,003 - SERVICIOS DE APOYO Y DIAGNOSTICO P/ LA MEJORA EN LA ATENCIÓN,0,  0 - *,3,003-SERVICIOS LABORATORIALES,300,300 - SERVICIOS SOCIALES,310,310 - SALUD,319,319-SALUD SIN DISCRIMINAR,,,,10,10-RECURSOS DEL TESORO,100,100-SERVICIOS PERSONALES,140,140-PERSONAL CONTRATADO,145,145-HONORARIOS PROFESIONALES,1,1 - GENUINO,99,99-ALCANCE NACIONAL,1000000,1000000-DIRECCION GENERAL DE ADMINISTRACION Y FINANZAS,12,12 - REMUNERACIONES VARIAS,A,ACTIVIDAD,243469200,219844940,9344940,0,0,0,11,2025,2025-11-25
2025,12,12,12-PODER EJECUTIVO,8,008-MINISTERIO DE SALUD PÚBLICA Y BIENESTAR SOCIAL,43,43 - DIR. GRAL DE VIGILANCIA DE LA SALUD,2,2-PROGRAMAS SUSTANTIVOS,3,003 - SERVICIOS DE APOYO Y DIAGNOSTICO P/ LA MEJORA EN LA ATENCIÓN,0,  0 - *,4,004-GESTIONES INTEGRADAS PARA LA PROVISIÓN DE BIOLÓGICOS,300,300 - SERVICIOS SOCIALES,310,310 - SALUD,319,319-SALUD SIN DISCRIMINAR,,,,10,10-RECURSOS DEL TESORO,100,100-SERVICIOS PERSONALES,110,110-REMUNERACIONES BÁSICAS,113,113-GASTOS DE REPRESENTACIÓN,1,1 - GENUINO,99,99-ALCANCE NACIONAL,1000000,1000000-DIRECCION GENERAL DE ADMINISTRACION Y FINANZAS,11,11 - REMUNERACIONES BÁSICAS,A,ACTIVIDAD,38738400,38738400,3228200,0,0,0,11,2025,2025-11-25
2025,12,12,12-PODER EJECUTIVO,8,008-MINISTERIO DE SALUD PÚBLICA Y BIENESTAR SOCIAL,51,51 - VICEMINISTERIO DE RECTORIA Y VIGILANCIA DE LA SALUD,2,2-PROGRAMAS SUSTANTIVOS,3,003 - SERVICIOS DE APOYO Y DIAGNOSTICO P/ LA MEJORA EN LA ATENCIÓN,0,  0 - *,3,003-SERVICIOS LABORATORIALES,300,300 - SERVICIOS SOCIALES,310,310 - SALUD,319,319-SALUD SIN DISCRIMINAR,,,,30,30-RECURSOS INSTITUCIONALES,100,100-SERVICIOS PERSONALES,140,140-PERSONAL CONTRATADO,141,141-CONTRATACIÓN DE PERSONAL TÉCNICO,63,63 - CONACYT,99,99-ALCANCE NACIONAL,1000000,1000000-DIRECCION GENERAL DE ADMINISTRACION Y FINANZAS,12,12 - REMUNERACIONES VARIAS,A,ACTIVIDAD,0,6987500,537500,0,0,0,11,2025,2025-11-25
2025,12,12,12-PODER EJECUTIVO,8,008-MINISTERIO DE SALUD PÚBLICA Y BIENESTAR SOCIAL,51,51 - VICEMINISTERIO DE RECTORIA Y VIGILANCIA DE LA SALUD,2,2-PROGRAMAS SUSTANTIVOS,3,003 - SERVICIOS DE APOYO Y DIAGNOSTICO P/ LA MEJORA EN LA ATENCIÓN,0,  0 - *,3,003-SERVICIOS LABORATORIALES,300,300 - SERVICIOS SOCIALES,310,310 - SALUD,319,319-SALUD SIN DISCRIMINAR,,,,30,30-RECURSOS INSTITUCIONALES,100,100-SERVICIOS PERSONALES,140,140-PERSONAL CONTRATADO,145,145-HONORARIOS PROFESIONALES,63,63 - CONACYT,99,99-ALCANCE NACIONAL,1000000,1000000-DIRECCION GENERAL DE ADMINISTRACION Y FINANZAS,12,12 - REMUNERACIONES VARIAS,A,ACTIVIDAD,0,4200000,1125000,0,0,0,11,2025,2025-11-25
2025,12,12,12-PODER EJECUTIVO,8,008-MINISTERIO DE SALUD PÚBLICA Y BIENESTAR SOCIAL,43,43 - DIR. GRAL DE VIGILANCIA DE LA SALUD,2,2-PROGRAMAS SUSTANTIVOS,3,003 - SERVICIOS DE APOYO Y DIAGNOSTICO P/ LA MEJORA EN LA ATENCIÓN,0,  0 - *,4,004-GESTIONES INTEGRADAS PARA LA PROVISIÓN DE BIOLÓGICOS,300,300 - SERVICIOS SOCIALES,310,310 - SALUD,319,319-SALUD SIN DISCRIMINAR,,,,10,10-RECURSOS DEL TESORO,100,100-SERVICIOS PERSONALES,110,110-REMUNERACIONES BÁSICAS,111,111-SUELDOS,1,1 - GENUINO,99,99-ALCANCE NACIONAL,1000000,1000000-DIRECCION GENERAL DE ADMINISTRACION Y FINANZAS,11,11 - REMUNERACIONES BÁSICAS,A,ACTIVIDAD,1280400000,1280400000,106700000,0,0,0,11,2025,2025-11-25
2025,12,12,12-PODER EJECUTIVO,8,008-MINISTERIO DE SALUD PÚBLICA Y BIENESTAR SOCIAL,43,43 - DIR. GRAL DE VIGILANCIA DE LA SALUD,2,2-PROGRAMAS SUSTANTIVOS,3,003 - SERVICIOS DE APOYO Y DIAGNOSTICO P/ LA MEJORA EN LA ATENCIÓN,0,  0 - *,4,004-GESTIONES INTEGRADAS PARA LA PROVISIÓN DE BIOLÓGICOS,300,300 - SERVICIOS SOCIALES,310,310 - SALUD,319,319-SALUD SIN DISCRIMINAR,,,,10,10-RECURSOS DEL TESORO,100,100-SERVICIOS PERSONALES,120,120-REMUNERACIONES TEMPORALES,123,123-REMUNERACIÓN EXTRAORDINARIA,1,1 - GENUINO,99,99-ALCANCE NACIONAL,1000000,1000000-DIRECCION GENERAL DE ADMINISTRACION Y FINANZAS,12,12 - REMUNERACIONES VARIAS,A,ACTIVIDAD,271537746,284837746,1537746,0,0,0,11,2025,2025-11-25
2025,12,12,12-PODER EJECUTIVO,8,008-MINISTERIO DE SALUD PÚBLICA Y BIENESTAR SOCIAL,43,43 - DIR. GRAL DE VIGILANCIA DE LA SALUD,2,2-PROGRAMAS SUSTANTIVOS,3,003 - SERVICIOS DE APOYO Y DIAGNOSTICO P/ LA MEJORA EN LA ATENCIÓN,0,  0 - *,4,004-GESTIONES INTEGRADAS PARA LA PROVISIÓN DE BIOLÓGICOS,300,300 - SERVICIOS SOCIALES,310,310 - SALUD,319,319-SALUD SIN DISCRIMINAR,,,,10,10-RECURSOS DEL TESORO,100,100-SERVICIOS PERSONALES,130,130-ASIGNACIONES COMPLEMENTARIAS,133,133-BONIFICACIONES,1,1 - GENUINO,99,99-ALCANCE NACIONAL,1000000,1000000-DIRECCION GENERAL DE ADMINISTRACION Y FINANZAS,19,19 - OTROS SERVICIOS PERSONALES,A,ACTIVIDAD,830604580,806322580,90222580,0,0,0,11,2025,2025-11-25
2025,12,12,12-PODER EJECUTIVO,8,008-MINISTERIO DE SALUD PÚBLICA Y BIENESTAR SOCIAL,43,43 - DIR. GRAL DE VIGILANCIA DE LA SALUD,2,2-PROGRAMAS SUSTANTIVOS,3,003 - SERVICIOS DE APOYO Y DIAGNOSTICO P/ LA MEJORA EN LA ATENCIÓN,0,  0 - *,4,004-GESTIONES INTEGRADAS PARA LA PROVISIÓN DE BIOLÓGICOS,300,300 - SERVICIOS SOCIALES,310,310 - SALUD,319,319-SALUD SIN DISCRIMINAR,,,,10,10-RECURSOS DEL TESORO,100,100-SERVICIOS PERSONALES,140,140-PERSONAL CONTRATADO,144,144-JORNALES,1,1 - GENUINO,99,99-ALCANCE NACIONAL,1000000,1000000-DIRECCION GENERAL DE ADMINISTRACION Y FINANZAS,12,12 - REMUNERACIONES VARIAS,A,ACTIVIDAD,1039081459,979481459,1081459,0,0,0,11,2025,2025-11-25
2025,12,12,12-PODER EJECUTIVO,8,008-MINISTERIO DE SALUD PÚBLICA Y BIENESTAR SOCIAL,43,43 - DIR. GRAL DE VIGILANCIA DE LA SALUD,2,2-PROGRAMAS SUSTANTIVOS,3,003 - SERVICIOS DE APOYO Y DIAGNOSTICO P/ LA MEJORA EN LA ATENCIÓN,0,  0 - *,4,004-GESTIONES INTEGRADAS PARA LA PROVISIÓN DE BIOLÓGICOS,300,300 - SERVICIOS SOCIALES,310,310 - SALUD,319,319-SALUD SIN DISCRIMINAR,,,,10,10-RECURSOS DEL TESORO,100,100-SERVICIOS PERSONALES,110,110-REMUNERACIONES BÁSICAS,113,113-GASTOS DE REPRESENTACIÓN,1,1 - GENUINO,99,99-ALCANCE NACIONAL,1000000,1000000-DIRECCION GENERAL DE ADMINISTRACION Y FINANZAS,11,11 - REMUNERACIONES BÁSICAS,A,ACTIVIDAD,38738400,38738400,3228200,0,0,0,2,2025,2025-02-24
2025,12,12,12-PODER EJECUTIVO,8,008-MINISTERIO DE SALUD PÚBLICA Y BIENESTAR SOCIAL,43,43 - DIR. GRAL DE VIGILANCIA DE LA SALUD,2,2-PROGRAMAS SUSTANTIVOS,3,003 - SERVICIOS DE APOYO Y DIAGNOSTICO P/ LA MEJORA EN LA ATENCIÓN,0,  0 - *,4,004-GESTIONES INTEGRADAS PARA LA PROVISIÓN DE BIOLÓGICOS,300,300 - SERVICIOS SOCIALES,310,310 - SALUD,319,319-SALUD SIN DISCRIMINAR,,,,10,10-RECURSOS DEL TESORO,100,100-SERVICIOS PERSONALES,110,110-REMUNERACIONES BÁSICAS,111,111-SUELDOS,1,1 - GENUINO,99,99-ALCANCE NACIONAL,1000000,1000000-DIRECCION GENERAL DE ADMINISTRACION Y FINANZAS,11,11 - REMUNERACIONES BÁSICAS,A,ACTIVIDAD,1280400000,1280400000,106700000,0,0,0,2,2025,2025-02-24
2025,12,12,12-PODER EJECUTIVO,8,008-MINISTERIO DE SALUD PÚBLICA Y BIENESTAR SOCIAL,43,43 - DIR. GRAL DE VIGILANCIA DE LA SALUD,2,2-PROGRAMAS SUSTANTIVOS,3,003 - SERVICIOS DE APOYO Y DIAGNOSTICO P/ LA MEJORA EN LA ATENCIÓN,0,  0 - *,4,004-GESTIONES INTEGRADAS PARA LA PROVISIÓN DE BIOLÓGICOS,300,300 - SERVICIOS SOCIALES,310,310 - SALUD,319,319-SALUD SIN DISCRIMINAR,,,,10,10-RECURSOS DEL TESORO,100,100-SERVICIOS PERSONALES,120,120-REMUNERACIONES TEMPORALES,123,123-REMUNERACIÓN EXTRAORDINARIA,1,1 - GENUINO,99,99-ALCANCE NACIONAL,1000000,1000000-DIRECCION GENERAL DE ADMINISTRACION Y FINANZAS,12,12 - REMUNERACIONES VARIAS,A,ACTIVIDAD,271537746,271537746,1537746,0,0,0,2,2025,2025-02-24
2025,12,12,12-PODER EJECUTIVO,8,008-MINISTERIO DE SALUD PÚBLICA Y BIENESTAR SOCIAL,43,43 - DIR. GRAL DE VIGILANCIA DE LA SALUD,2,2-PROGRAMAS SUSTANTIVOS,3,003 - SERVICIOS DE APOYO Y DIAGNOSTICO P/ LA MEJORA EN LA ATENCIÓN,0,  0 - *,4,004-GESTIONES INTEGRADAS PARA LA PROVISIÓN DE BIOLÓGICOS,300,300 - SERVICIOS SOCIALES,310,310 - SALUD,319,319-SALUD SIN DISCRIMINAR,,,,10,10-RECURSOS DEL TESORO,100,100-SERVICIOS PERSONALES,130,130-ASIGNACIONES COMPLEMENTARIAS,133,133-BONIFICACIONES,1,1 - GENUINO,99,99-ALCANCE NACIONAL,1000000,1000000-DIRECCION GENERAL DE ADMINISTRACION Y FINANZAS,19,19 - OTROS SERVICIOS PERSONALES,A,ACTIVIDAD,830604580,830604580,114504580,0,0,0,2,2025,2025-02-24
2025,12,12,12-PODER EJECUTIVO,8,008-MINISTERIO DE SALUD PÚBLICA Y BIENESTAR SOCIAL,43,43 - DIR. GRAL DE VIGILANCIA DE LA SALUD,2,2-PROGRAMAS SUSTANTIVOS,3,003 - SERVICIOS DE APOYO Y DIAGNOSTICO P/ LA MEJORA EN LA ATENCIÓN,0,  0 - *,4,004-GESTIONES INTEGRADAS PARA LA PROVISIÓN DE BIOLÓGICOS,300,300 - SERVICIOS SOCIALES,310,310 - SALUD,319,319-SALUD SIN DISCRIMINAR,,,,10,10-RECURSOS DEL TESORO,100,100-SERVICIOS PERSONALES,140,140-PERSONAL CONTRATADO,142,142-CONTRATACIÓN DE PERSONAL DE SALUD,1,1 - GENUINO,99,99-ALCANCE NACIONAL,1000000,1000000-DIRECCION GENERAL DE ADMINISTRACION Y FINANZAS,12,12 - REMUNERACIONES VARIAS,A,ACTIVIDAD,2025493600,2025493600,4686400,0,0,0,2,2025,2025-02-24
2025,12,12,12-PODER EJECUTIVO,8,008-MINISTERIO DE SALUD PÚBLICA Y BIENESTAR SOCIAL,43,43 - DIR. GRAL DE VIGILANCIA DE LA SALUD,2,2-PROGRAMAS SUSTANTIVOS,3,003 - SERVICIOS DE APOYO Y DIAGNOSTICO P/ LA MEJORA EN LA ATENCIÓN,0,  0 - *,4,004-GESTIONES INTEGRADAS PARA LA PROVISIÓN DE BIOLÓGICOS,300,300 - SERVICIOS SOCIALES,310,310 - SALUD,319,319-SALUD SIN DISCRIMINAR,,,,10,10-RECURSOS DEL TESORO,100,100-SERVICIOS PERSONALES,140,140-PERSONAL CONTRATADO,144,144-JORNALES,1,1 - GENUINO,99,99-ALCANCE NACIONAL,1000000,1000000-DIRECCION GENERAL DE ADMINISTRACION Y FINANZAS,12,12 - REMUNERACIONES VARIAS,A,ACTIVIDAD,1039081459,1039081459,1081459,0,0,0,2,2025,2025-02-24
2025,12,12,12-PODER EJECUTIVO,8,008-MINISTERIO DE SALUD PÚBLICA Y BIENESTAR SOCIAL,41,41 - DIRECCIÓN GRAL. DE DES. DE LOS SERV.DE SALUD,2,2-PROGRAMAS SUSTANTIVOS,3,003 - SERVICIOS DE APOYO Y DIAGNOSTICO P/ LA MEJORA EN LA ATENCIÓN,0,  0 - *,1,"001-OBTENCIÓN, PRODUCCIÓN Y SUMINISTROS DE SANGRE",300,300 - SERVICIOS SOCIALES,310,310 - SALUD,319,319-SALUD SIN DISCRIMINAR,,,,10,10-RECURSOS DEL TESORO,100,100-SERVICIOS PERSONALES,140,140-PERSONAL CONTRATADO,144,144-JORNALES,1,1 - GENUINO,99,99-ALCANCE NACIONAL,1000000,1000000-DIRECCION GENERAL DE ADMINISTRACION Y FINANZAS,12,12 - REMUNERACIONES VARIAS,A,ACTIVIDAD,441162800,441162800,162800,0,0,0,2,2025,2025-02-24
2025,12,12,12-PODER EJECUTIVO,8,008-MINISTERIO DE SALUD PÚBLICA Y BIENESTAR SOCIAL,41,41 - DIRECCIÓN GRAL. DE DES. DE LOS SERV.DE SALUD,2,2-PROGRAMAS SUSTANTIVOS,3,003 - SERVICIOS DE APOYO Y DIAGNOSTICO P/ LA MEJORA EN LA ATENCIÓN,0,  0 - *,1,"001-OBTENCIÓN, PRODUCCIÓN Y SUMINISTROS DE SANGRE",300,300 - SERVICIOS SOCIALES,310,310 - SALUD,319,319-SALUD SIN DISCRIMINAR,,,,10,10-RECURSOS DEL TESORO,100,100-SERVICIOS PERSONALES,110,110-REMUNERACIONES BÁSICAS,111,111-SUELDOS,1,1 - GENUINO,99,99-ALCANCE NACIONAL,1000000,1000000-DIRECCION GENERAL DE ADMINISTRACION Y FINANZAS,11,11 - REMUNERACIONES BÁSICAS,A,ACTIVIDAD,1319856000,1319856000,109988000,0,0,0,2,2025,2025-02-24
2025,12,12,12-PODER EJECUTIVO,8,008-MINISTERIO DE SALUD PÚBLICA Y BIENESTAR SOCIAL,41,41 - DIRECCIÓN GRAL. DE DES. DE LOS SERV.DE SALUD,2,2-PROGRAMAS SUSTANTIVOS,3,003 - SERVICIOS DE APOYO Y DIAGNOSTICO P/ LA MEJORA EN LA ATENCIÓN,0,  0 - *,1,"001-OBTENCIÓN, PRODUCCIÓN Y SUMINISTROS DE SANGRE",300,300 - SERVICIOS SOCIALES,310,310 - SALUD,319,319-SALUD SIN DISCRIMINAR,,,,10,10-RECURSOS DEL TESORO,100,100-SERVICIOS PERSONALES,110,110-REMUNERACIONES BÁSICAS,113,113-GASTOS DE REPRESENTACIÓN,1,1 - GENUINO,99,99-ALCANCE NACIONAL,1000000,1000000-DIRECCION GENERAL DE ADMINISTRACION Y FINANZAS,11,11 - REMUNERACIONES BÁSICAS,A,ACTIVIDAD,38738400,38738400,3228200,0,0,0,2,2025,2025-02-24
2025,12,12,12-PODER EJECUTIVO,8,008-MINISTERIO DE SALUD PÚBLICA Y BIENESTAR SOCIAL,41,41 - DIRECCIÓN GRAL. DE DES. DE LOS SERV.DE SALUD,2,2-PROGRAMAS SUSTANTIVOS,3,003 - SERVICIOS DE APOYO Y DIAGNOSTICO P/ LA MEJORA EN LA ATENCIÓN,0,  0 - *,1,"001-OBTENCIÓN, PRODUCCIÓN Y SUMINISTROS DE SANGRE",300,300 - SERVICIOS SOCIALES,310,310 - SALUD,319,319-SALUD SIN DISCRIMINAR,,,,10,10-RECURSOS DEL TESORO,100,100-SERVICIOS PERSONALES,110,110-REMUNERACIONES BÁSICAS,114,114-AGUINALDO,1,1 - GENUINO,99,99-ALCANCE NACIONAL,1000000,1000000-DIRECCION GENERAL DE ADMINISTRACION Y FINANZAS,11,11 - REMUNERACIONES BÁSICAS,A,ACTIVIDAD,113216200,113216200,113216200,0,0,0,2,2025,2025-02-24
2025,12,12,12-PODER EJECUTIVO,8,008-MINISTERIO DE SALUD PÚBLICA Y BIENESTAR SOCIAL,41,41 - DIRECCIÓN GRAL. DE DES. DE LOS SERV.DE SALUD,2,2-PROGRAMAS SUSTANTIVOS,3,003 - SERVICIOS DE APOYO Y DIAGNOSTICO P/ LA MEJORA EN LA ATENCIÓN,0,  0 - *,1,"001-OBTENCIÓN, PRODUCCIÓN Y SUMINISTROS DE SANGRE",300,300 - SERVICIOS SOCIALES,310,310 - SALUD,319,319-SALUD SIN DISCRIMINAR,,,,10,10-RECURSOS DEL TESORO,100,100-SERVICIOS PERSONALES,130,130-ASIGNACIONES COMPLEMENTARIAS,133,133-BONIFICACIONES,1,1 - GENUINO,99,99-ALCANCE NACIONAL,1000000,1000000-DIRECCION GENERAL DE ADMINISTRACION Y FINANZAS,19,19 - OTROS SERVICIOS PERSONALES,A,ACTIVIDAD,687466659,687466659,86566239,0,0,0,2,2025,2025-02-24
2025,12,12,12-PODER EJECUTIVO,8,008-MINISTERIO DE SALUD PÚBLICA Y BIENESTAR SOCIAL,41,41 - DIRECCIÓN GRAL. DE DES. DE LOS SERV.DE SALUD,2,2-PROGRAMAS SUSTANTIVOS,3,003 - SERVICIOS DE APOYO Y DIAGNOSTICO P/ LA MEJORA EN LA ATENCIÓN,0,  0 - *,1,"001-OBTENCIÓN, PRODUCCIÓN Y SUMINISTROS DE SANGRE",300,300 - SERVICIOS SOCIALES,310,310 - SALUD,319,319-SALUD SIN DISCRIMINAR,,,,10,10-RECURSOS DEL TESORO,100,100-SERVICIOS PERSONALES,140,140-PERSONAL CONTRATADO,142,142-CONTRATACIÓN DE PERSONAL DE SALUD,1,1 - GENUINO,99,99-ALCANCE NACIONAL,1000000,1000000-DIRECCION GENERAL DE ADMINISTRACION Y FINANZAS,12,12 - REMUNERACIONES VARIAS,A,ACTIVIDAD,1656158400,1656158400,4561600,0,0,0,2,2025,2025-02-24
2025,12,12,12-PODER EJECUTIVO,8,008-MINISTERIO DE SALUD PÚBLICA Y BIENESTAR SOCIAL,41,41 - DIRECCIÓN GRAL. DE DES. DE LOS SERV.DE SALUD,2,2-PROGRAMAS SUSTANTIVOS,3,003 - SERVICIOS DE APOYO Y DIAGNOSTICO P/ LA MEJORA EN LA ATENCIÓN,0,  0 - *,1,"001-OBTENCIÓN, PRODUCCIÓN Y SUMINISTROS DE SANGRE",300,300 - SERVICIOS SOCIALES,310,310 - SALUD,319,319-SALUD SIN DISCRIMINAR,,,,10,10-RECURSOS DEL TESORO,100,100-SERVICIOS PERSONALES,140,140-PERSONAL CONTRATADO,145,145-HONORARIOS PROFESIONALES,1,1 - GENUINO,99,99-ALCANCE NACIONAL,1000000,1000000-DIRECCION GENERAL DE ADMINISTRACION Y FINANZAS,12,12 - REMUNERACIONES VARIAS,A,ACTIVIDAD,52000000,52000000,3934400,0,0,0,2,2025,2025-02-24
2025,12,12,12-PODER EJECUTIVO,8,008-MINISTERIO DE SALUD PÚBLICA Y BIENESTAR SOCIAL,43,43 - DIR. GRAL DE VIGILANCIA DE LA SALUD,2,2-PROGRAMAS SUSTANTIVOS,3,003 - SERVICIOS DE APOYO Y DIAGNOSTICO P/ LA MEJORA EN LA ATENCIÓN,0,  0 - *,4,004-GESTIONES INTEGRADAS PARA LA PROVISIÓN DE BIOLÓGICOS,300,300 - SERVICIOS SOCIALES,310,310 - SALUD,319,319-SALUD SIN DISCRIMINAR,,,,10,10-RECURSOS DEL TESORO,100,100-SERVICIOS PERSONALES,110,110-REMUNERACIONES BÁSICAS,114,114-AGUINALDO,1,1 - GENUINO,99,99-ALCANCE NACIONAL,1000000,1000000-DIRECCION GENERAL DE ADMINISTRACION Y FINANZAS,11,11 - REMUNERACIONES BÁSICAS,A,ACTIVIDAD,109928200,109928200,109928200,0,0,0,2,2025,2025-02-24
2025,12,12,12-PODER EJECUTIVO,8,008-MINISTERIO DE SALUD PÚBLICA Y BIENESTAR SOCIAL,51,51 - VICEMINISTERIO DE RECTORIA Y VIGILANCIA DE LA SALUD,2,2-PROGRAMAS SUSTANTIVOS,3,003 - SERVICIOS DE APOYO Y DIAGNOSTICO P/ LA MEJORA EN LA ATENCIÓN,0,  0 - *,3,003-SERVICIOS LABORATORIALES,300,300 - SERVICIOS SOCIALES,310,310 - SALUD,319,319-SALUD SIN DISCRIMINAR,,,,30,30-RECURSOS INSTITUCIONALES,100,100-SERVICIOS PERSONALES,140,140-PERSONAL CONTRATADO,142,142-CONTRATACIÓN DE PERSONAL DE SALUD,63,63 - CONACYT,99,99-ALCANCE NACIONAL,1000000,1000000-DIRECCION GENERAL DE ADMINISTRACION Y FINANZAS,12,12 - REMUNERACIONES VARIAS,A,ACTIVIDAD,49920000,49920000,0,0,0,0,8,2025,2025-08-25
2025,12,12,12-PODER EJECUTIVO,8,008-MINISTERIO DE SALUD PÚBLICA Y BIENESTAR SOCIAL,51,51 - VICEMINISTERIO DE RECTORIA Y VIGILANCIA DE LA SALUD,2,2-PROGRAMAS SUSTANTIVOS,3,003 - SERVICIOS DE APOYO Y DIAGNOSTICO P/ LA MEJORA EN LA ATENCIÓN,0,  0 - *,3,003-SERVICIOS LABORATORIALES,300,300 - SERVICIOS SOCIALES,310,310 - SALUD,319,319-SALUD SIN DISCRIMINAR,,,,10,10-RECURSOS DEL TESORO,100,100-SERVICIOS PERSONALES,140,140-PERSONAL CONTRATADO,144,144-JORNALES,1,1 - GENUINO,99,99-ALCANCE NACIONAL,1000000,1000000-DIRECCION GENERAL DE ADMINISTRACION Y FINANZAS,12,12 - REMUNERACIONES VARIAS,A,ACTIVIDAD,1318505396,1318505396,3505396,0,0,0,8,2025,2025-08-25
2025,12,12,12-PODER EJECUTIVO,8,008-MINISTERIO DE SALUD PÚBLICA Y BIENESTAR SOCIAL,51,51 - VICEMINISTERIO DE RECTORIA Y VIGILANCIA DE LA SALUD,2,2-PROGRAMAS SUSTANTIVOS,3,003 - SERVICIOS DE APOYO Y DIAGNOSTICO P/ LA MEJORA EN LA ATENCIÓN,0,  0 - *,3,003-SERVICIOS LABORATORIALES,300,300 - SERVICIOS SOCIALES,310,310 - SALUD,319,319-SALUD SIN DISCRIMINAR,,,,10,10-RECURSOS DEL TESORO,100,100-SERVICIOS PERSONALES,140,140-PERSONAL CONTRATADO,145,145-HONORARIOS PROFESIONALES,1,1 - GENUINO,99,99-ALCANCE NACIONAL,1000000,1000000-DIRECCION GENERAL DE ADMINISTRACION Y FINANZAS,12,12 - REMUNERACIONES VARIAS,A,ACTIVIDAD,243469200,243469200,32969200,0,0,0,8,2025,2025-08-25
2025,12,12,12-PODER EJECUTIVO,8,008-MINISTERIO DE SALUD PÚBLICA Y BIENESTAR SOCIAL,41,41 - DIRECCIÓN GRAL. DE DES. DE LOS SERV.DE SALUD,2,2-PROGRAMAS SUSTANTIVOS,3,003 - SERVICIOS DE APOYO Y DIAGNOSTICO P/ LA MEJORA EN LA ATENCIÓN,0,  0 - *,1,"001-OBTENCIÓN, PRODUCCIÓN Y SUMINISTROS DE SANGRE",300,300 - SERVICIOS SOCIALES,310,310 - SALUD,319,319-SALUD SIN DISCRIMINAR,,,,10,10-RECURSOS DEL TESORO,100,100-SERVICIOS PERSONALES,110,110-REMUNERACIONES BÁSICAS,111,111-SUELDOS,1,1 - GENUINO,99,99-ALCANCE NACIONAL,1000000,1000000-DIRECCION GENERAL DE ADMINISTRACION Y FINANZAS,11,11 - REMUNERACIONES BÁSICAS,A,ACTIVIDAD,1319856000,1319856000,109988000,0,0,0,8,2025,2025-08-25
2025,12,12,12-PODER EJECUTIVO,8,008-MINISTERIO DE SALUD PÚBLICA Y BIENESTAR SOCIAL,41,41 - DIRECCIÓN GRAL. DE DES. DE LOS SERV.DE SALUD,2,2-PROGRAMAS SUSTANTIVOS,3,003 - SERVICIOS DE APOYO Y DIAGNOSTICO P/ LA MEJORA EN LA ATENCIÓN,0,  0 - *,1,"001-OBTENCIÓN, PRODUCCIÓN Y SUMINISTROS DE SANGRE",300,300 - SERVICIOS SOCIALES,310,310 - SALUD,319,319-SALUD SIN DISCRIMINAR,,,,10,10-RECURSOS DEL TESORO,100,100-SERVICIOS PERSONALES,110,110-REMUNERACIONES BÁSICAS,113,113-GASTOS DE REPRESENTACIÓN,1,1 - GENUINO,99,99-ALCANCE NACIONAL,1000000,1000000-DIRECCION GENERAL DE ADMINISTRACION Y FINANZAS,11,11 - REMUNERACIONES BÁSICAS,A,ACTIVIDAD,38738400,38738400,3228200,0,0,0,8,2025,2025-08-25
2025,12,12,12-PODER EJECUTIVO,8,008-MINISTERIO DE SALUD PÚBLICA Y BIENESTAR SOCIAL,41,41 - DIRECCIÓN GRAL. DE DES. DE LOS SERV.DE SALUD,2,2-PROGRAMAS SUSTANTIVOS,3,003 - SERVICIOS DE APOYO Y DIAGNOSTICO P/ LA MEJORA EN LA ATENCIÓN,0,  0 - *,1,"001-OBTENCIÓN, PRODUCCIÓN Y SUMINISTROS DE SANGRE",300,300 - SERVICIOS SOCIALES,310,310 - SALUD,319,319-SALUD SIN DISCRIMINAR,,,,10,10-RECURSOS DEL TESORO,100,100-SERVICIOS PERSONALES,140,140-PERSONAL CONTRATADO,145,145-HONORARIOS PROFESIONALES,1,1 - GENUINO,99,99-ALCANCE NACIONAL,1000000,1000000-DIRECCION GENERAL DE ADMINISTRACION Y FINANZAS,12,12 - REMUNERACIONES VARIAS,A,ACTIVIDAD,52000000,52000000,3934400,0,0,0,8,2025,2025-08-25
2025,12,12,12-PODER EJECUTIVO,8,008-MINISTERIO DE SALUD PÚBLICA Y BIENESTAR SOCIAL,41,41 - DIRECCIÓN GRAL. DE DES. DE LOS SERV.DE SALUD,2,2-PROGRAMAS SUSTANTIVOS,3,003 - SERVICIOS DE APOYO Y DIAGNOSTICO P/ LA MEJORA EN LA ATENCIÓN,0,  0 - *,1,"001-OBTENCIÓN, PRODUCCIÓN Y SUMINISTROS DE SANGRE",300,300 - SERVICIOS SOCIALES,310,310 - SALUD,319,319-SALUD SIN DISCRIMINAR,,,,10,10-RECURSOS DEL TESORO,100,100-SERVICIOS PERSONALES,110,110-REMUNERACIONES BÁSICAS,114,114-AGUINALDO,1,1 - GENUINO,99,99-ALCANCE NACIONAL,1000000,1000000-DIRECCION GENERAL DE ADMINISTRACION Y FINANZAS,11,11 - REMUNERACIONES BÁSICAS,A,ACTIVIDAD,113216200,113216200,113216200,0,0,0,8,2025,2025-08-25
2025,12,12,12-PODER EJECUTIVO,8,008-MINISTERIO DE SALUD PÚBLICA Y BIENESTAR SOCIAL,41,41 - DIRECCIÓN GRAL. DE DES. DE LOS SERV.DE SALUD,2,2-PROGRAMAS SUSTANTIVOS,3,003 - SERVICIOS DE APOYO Y DIAGNOSTICO P/ LA MEJORA EN LA ATENCIÓN,0,  0 - *,1,"001-OBTENCIÓN, PRODUCCIÓN Y SUMINISTROS DE SANGRE",300,300 - SERVICIOS SOCIALES,310,310 - SALUD,319,319-SALUD SIN DISCRIMINAR,,,,10,10-RECURSOS DEL TESORO,100,100-SERVICIOS PERSONALES,130,130-ASIGNACIONES COMPLEMENTARIAS,133,133-BONIFICACIONES,1,1 - GENUINO,99,99-ALCANCE NACIONAL,1000000,1000000-DIRECCION GENERAL DE ADMINISTRACION Y FINANZAS,19,19 - OTROS SERVICIOS PERSONALES,A,ACTIVIDAD,687466659,687466659,86566239,0,0,0,8,2025,2025-08-25
2025,12,12,12-PODER EJECUTIVO,8,008-MINISTERIO DE SALUD PÚBLICA Y BIENESTAR SOCIAL,41,41 - DIRECCIÓN GRAL. DE DES. DE LOS SERV.DE SALUD,2,2-PROGRAMAS SUSTANTIVOS,3,003 - SERVICIOS DE APOYO Y DIAGNOSTICO P/ LA MEJORA EN LA ATENCIÓN,0,  0 - *,1,"001-OBTENCIÓN, PRODUCCIÓN Y SUMINISTROS DE SANGRE",300,300 - SERVICIOS SOCIALES,310,310 - SALUD,319,319-SALUD SIN DISCRIMINAR,,,,10,10-RECURSOS DEL TESORO,100,100-SERVICIOS PERSONALES,140,140-PERSONAL CONTRATADO,142,142-CONTRATACIÓN DE PERSONAL DE SALUD,1,1 - GENUINO,99,99-ALCANCE NACIONAL,1000000,1000000-DIRECCION GENERAL DE ADMINISTRACION Y FINANZAS,12,12 - REMUNERACIONES VARIAS,A,ACTIVIDAD,1656158400,1656158400,4561600,0,0,0,8,2025,2025-08-25
2025,12,12,12-PODER EJECUTIVO,8,008-MINISTERIO DE SALUD PÚBLICA Y BIENESTAR SOCIAL,43,43 - DIR. GRAL DE VIGILANCIA DE LA SALUD,2,2-PROGRAMAS SUSTANTIVOS,3,003 - SERVICIOS DE APOYO Y DIAGNOSTICO P/ LA MEJORA EN LA ATENCIÓN,0,  0 - *,4,004-GESTIONES INTEGRADAS PARA LA PROVISIÓN DE BIOLÓGICOS,300,300 - SERVICIOS SOCIALES,310,310 - SALUD,319,319-SALUD SIN DISCRIMINAR,,,,10,10-RECURSOS DEL TESORO,100,100-SERVICIOS PERSONALES,110,110-REMUNERACIONES BÁSICAS,111,111-SUELDOS,1,1 - GENUINO,99,99-ALCANCE NACIONAL,1000000,1000000-DIRECCION GENERAL DE ADMINISTRACION Y FINANZAS,11,11 - REMUNERACIONES BÁSICAS,A,ACTIVIDAD,1280400000,1280400000,106700000,0,0,0,8,2025,2025-08-25
2025,12,12,12-PODER EJECUTIVO,8,008-MINISTERIO DE SALUD PÚBLICA Y BIENESTAR SOCIAL,43,43 - DIR. GRAL DE VIGILANCIA DE LA SALUD,2,2-PROGRAMAS SUSTANTIVOS,3,003 - SERVICIOS DE APOYO Y DIAGNOSTICO P/ LA MEJORA EN LA ATENCIÓN,0,  0 - *,4,004-GESTIONES INTEGRADAS PARA LA PROVISIÓN DE BIOLÓGICOS,300,300 - SERVICIOS SOCIALES,310,310 - SALUD,319,319-SALUD SIN DISCRIMINAR,,,,10,10-RECURSOS DEL TESORO,100,100-SERVICIOS PERSONALES,120,120-REMUNERACIONES TEMPORALES,123,123-REMUNERACIÓN EXTRAORDINARIA,1,1 - GENUINO,99,99-ALCANCE NACIONAL,1000000,1000000-DIRECCION GENERAL DE ADMINISTRACION Y FINANZAS,12,12 - REMUNERACIONES VARIAS,A,ACTIVIDAD,271537746,271537746,1537746,0,0,0,8,2025,2025-08-25
2025,12,12,12-PODER EJECUTIVO,8,008-MINISTERIO DE SALUD PÚBLICA Y BIENESTAR SOCIAL,51,51 - VICEMINISTERIO DE RECTORIA Y VIGILANCIA DE LA SALUD,2,2-PROGRAMAS SUSTANTIVOS,3,003 - SERVICIOS DE APOYO Y DIAGNOSTICO P/ LA MEJORA EN LA ATENCIÓN,0,  0 - *,2,002-HABILITACIÓN Y CONTROL DE LABORATORIOS DE ANALISIS CLÍNICOS,300,300 - SERVICIOS SOCIALES,310,310 - SALUD,319,319-SALUD SIN DISCRIMINAR,,,,10,10-RECURSOS DEL TESORO,100,100-SERVICIOS PERSONALES,110,110-REMUNERACIONES BÁSICAS,111,111-SUELDOS,1,1 - GENUINO,99,99-ALCANCE NACIONAL,1000000,1000000-DIRECCION GENERAL DE ADMINISTRACION Y FINANZAS,11,11 - REMUNERACIONES BÁSICAS,A,ACTIVIDAD,5855448000,5855448000,487954000,0,0,0,2,2025,2025-02-24
2025,12,12,12-PODER EJECUTIVO,8,008-MINISTERIO DE SALUD PÚBLICA Y BIENESTAR SOCIAL,51,51 - VICEMINISTERIO DE RECTORIA Y VIGILANCIA DE LA SALUD,2,2-PROGRAMAS SUSTANTIVOS,3,003 - SERVICIOS DE APOYO Y DIAGNOSTICO P/ LA MEJORA EN LA ATENCIÓN,0,  0 - *,2,002-HABILITACIÓN Y CONTROL DE LABORATORIOS DE ANALISIS CLÍNICOS,300,300 - SERVICIOS SOCIALES,310,310 - SALUD,319,319-SALUD SIN DISCRIMINAR,,,,10,10-RECURSOS DEL TESORO,100,100-SERVICIOS PERSONALES,110,110-REMUNERACIONES BÁSICAS,113,113-GASTOS DE REPRESENTACIÓN,1,1 - GENUINO,99,99-ALCANCE NACIONAL,1000000,1000000-DIRECCION GENERAL DE ADMINISTRACION Y FINANZAS,11,11 - REMUNERACIONES BÁSICAS,A,ACTIVIDAD,77476800,77476800,6456400,0,0,0,2,2025,2025-02-24
2025,12,12,12-PODER EJECUTIVO,8,008-MINISTERIO DE SALUD PÚBLICA Y BIENESTAR SOCIAL,51,51 - VICEMINISTERIO DE RECTORIA Y VIGILANCIA DE LA SALUD,2,2-PROGRAMAS SUSTANTIVOS,3,003 - SERVICIOS DE APOYO Y DIAGNOSTICO P/ LA MEJORA EN LA ATENCIÓN,0,  0 - *,2,002-HABILITACIÓN Y CONTROL DE LABORATORIOS DE ANALISIS CLÍNICOS,300,300 - SERVICIOS SOCIALES,310,310 - SALUD,319,319-SALUD SIN DISCRIMINAR,,,,10,10-RECURSOS DEL TESORO,100,100-SERVICIOS PERSONALES,110,110-REMUNERACIONES BÁSICAS,114,114-AGUINALDO,1,1 - GENUINO,99,99-ALCANCE NACIONAL,1000000,1000000-DIRECCION GENERAL DE ADMINISTRACION Y FINANZAS,11,11 - REMUNERACIONES BÁSICAS,A,ACTIVIDAD,494410400,494410400,494410400,0,0,0,2,2025,2025-02-24
2025,12,12,12-PODER EJECUTIVO,8,008-MINISTERIO DE SALUD PÚBLICA Y BIENESTAR SOCIAL,51,51 - VICEMINISTERIO DE RECTORIA Y VIGILANCIA DE LA SALUD,2,2-PROGRAMAS SUSTANTIVOS,3,003 - SERVICIOS DE APOYO Y DIAGNOSTICO P/ LA MEJORA EN LA ATENCIÓN,0,  0 - *,3,003-SERVICIOS LABORATORIALES,300,300 - SERVICIOS SOCIALES,310,310 - SALUD,319,319-SALUD SIN DISCRIMINAR,,,,10,10-RECURSOS DEL TESORO,100,100-SERVICIOS PERSONALES,130,130-ASIGNACIONES COMPLEMENTARIAS,133,133-BONIFICACIONES,1,1 - GENUINO,99,99-ALCANCE NACIONAL,1000000,1000000-DIRECCION GENERAL DE ADMINISTRACION Y FINANZAS,19,19 - OTROS SERVICIOS PERSONALES,A,ACTIVIDAD,1679464813,1679464813,219464813,0,0,0,2,2025,2025-02-24
2025,12,12,12-PODER EJECUTIVO,8,008-MINISTERIO DE SALUD PÚBLICA Y BIENESTAR SOCIAL,51,51 - VICEMINISTERIO DE RECTORIA Y VIGILANCIA DE LA SALUD,2,2-PROGRAMAS SUSTANTIVOS,3,003 - SERVICIOS DE APOYO Y DIAGNOSTICO P/ LA MEJORA EN LA ATENCIÓN,0,  0 - *,3,003-SERVICIOS LABORATORIALES,300,300 - SERVICIOS SOCIALES,310,310 - SALUD,319,319-SALUD SIN DISCRIMINAR,,,,30,30-RECURSOS INSTITUCIONALES,100,100-SERVICIOS PERSONALES,130,130-ASIGNACIONES COMPLEMENTARIAS,133,133-BONIFICACIONES,63,63 - CONACYT,99,99-ALCANCE NACIONAL,1000000,1000000-DIRECCION GENERAL DE ADMINISTRACION Y FINANZAS,19,19 - OTROS SERVICIOS PERSONALES,A,ACTIVIDAD,32000000,32000000,7000000,0,0,0,2,2025,2025-02-24
2025,12,12,12-PODER EJECUTIVO,8,008-MINISTERIO DE SALUD PÚBLICA Y BIENESTAR SOCIAL,51,51 - VICEMINISTERIO DE RECTORIA Y VIGILANCIA DE LA SALUD,2,2-PROGRAMAS SUSTANTIVOS,3,003 - SERVICIOS DE APOYO Y DIAGNOSTICO P/ LA MEJORA EN LA ATENCIÓN,0,  0 - *,3,003-SERVICIOS LABORATORIALES,300,300 - SERVICIOS SOCIALES,310,310 - SALUD,319,319-SALUD SIN DISCRIMINAR,,,,10,10-RECURSOS DEL TESORO,100,100-SERVICIOS PERSONALES,140,140-PERSONAL CONTRATADO,141,141-CONTRATACIÓN DE PERSONAL TÉCNICO,1,1 - GENUINO,99,99-ALCANCE NACIONAL,1000000,1000000-DIRECCION GENERAL DE ADMINISTRACION Y FINANZAS,12,12 - REMUNERACIONES VARIAS,A,ACTIVIDAD,83584800,83584800,12859200,0,0,0,2,2025,2025-02-24
2025,12,12,12-PODER EJECUTIVO,8,008-MINISTERIO DE SALUD PÚBLICA Y BIENESTAR SOCIAL,51,51 - VICEMINISTERIO DE RECTORIA Y VIGILANCIA DE LA SALUD,2,2-PROGRAMAS SUSTANTIVOS,3,003 - SERVICIOS DE APOYO Y DIAGNOSTICO P/ LA MEJORA EN LA ATENCIÓN,0,  0 - *,3,003-SERVICIOS LABORATORIALES,300,300 - SERVICIOS SOCIALES,310,310 - SALUD,319,319-SALUD SIN DISCRIMINAR,,,,10,10-RECURSOS DEL TESORO,100,100-SERVICIOS PERSONALES,140,140-PERSONAL CONTRATADO,142,142-CONTRATACIÓN DE PERSONAL DE SALUD,1,1 - GENUINO,99,99-ALCANCE NACIONAL,1000000,1000000-DIRECCION GENERAL DE ADMINISTRACION Y FINANZAS,12,12 - REMUNERACIONES VARIAS,A,ACTIVIDAD,3384711200,3384711200,1844000,0,0,0,2,2025,2025-02-24
2025,12,12,12-PODER EJECUTIVO,8,008-MINISTERIO DE SALUD PÚBLICA Y BIENESTAR SOCIAL,51,51 - VICEMINISTERIO DE RECTORIA Y VIGILANCIA DE LA SALUD,2,2-PROGRAMAS SUSTANTIVOS,3,003 - SERVICIOS DE APOYO Y DIAGNOSTICO P/ LA MEJORA EN LA ATENCIÓN,0,  0 - *,3,003-SERVICIOS LABORATORIALES,300,300 - SERVICIOS SOCIALES,310,310 - SALUD,319,319-SALUD SIN DISCRIMINAR,,,,30,30-RECURSOS INSTITUCIONALES,100,100-SERVICIOS PERSONALES,140,140-PERSONAL CONTRATADO,142,142-CONTRATACIÓN DE PERSONAL DE SALUD,63,63 - CONACYT,99,99-ALCANCE NACIONAL,1000000,1000000-DIRECCION GENERAL DE ADMINISTRACION Y FINANZAS,12,12 - REMUNERACIONES VARIAS,A,ACTIVIDAD,49920000,49920000,0,0,0,0,2,2025,2025-02-24
2025,12,12,12-PODER EJECUTIVO,8,008-MINISTERIO DE SALUD PÚBLICA Y BIENESTAR SOCIAL,51,51 - VICEMINISTERIO DE RECTORIA Y VIGILANCIA DE LA SALUD,2,2-PROGRAMAS SUSTANTIVOS,3,003 - SERVICIOS DE APOYO Y DIAGNOSTICO P/ LA MEJORA EN LA ATENCIÓN,0,  0 - *,3,003-SERVICIOS LABORATORIALES,300,300 - SERVICIOS SOCIALES,310,310 - SALUD,319,319-SALUD SIN DISCRIMINAR,,,,10,10-RECURSOS DEL TESORO,100,100-SERVICIOS PERSONALES,140,140-PERSONAL CONTRATADO,144,144-JORNALES,1,1 - GENUINO,99,99-ALCANCE NACIONAL,1000000,1000000-DIRECCION GENERAL DE ADMINISTRACION Y FINANZAS,12,12 - REMUNERACIONES VARIAS,A,ACTIVIDAD,1318505396,1318505396,3505396,0,0,0,2,2025,2025-02-24
2025,12,12,12-PODER EJECUTIVO,8,008-MINISTERIO DE SALUD PÚBLICA Y BIENESTAR SOCIAL,51,51 - VICEMINISTERIO DE RECTORIA Y VIGILANCIA DE LA SALUD,2,2-PROGRAMAS SUSTANTIVOS,3,003 - SERVICIOS DE APOYO Y DIAGNOSTICO P/ LA MEJORA EN LA ATENCIÓN,0,  0 - *,3,003-SERVICIOS LABORATORIALES,300,300 - SERVICIOS SOCIALES,310,310 - SALUD,319,319-SALUD SIN DISCRIMINAR,,,,10,10-RECURSOS DEL TESORO,100,100-SERVICIOS PERSONALES,140,140-PERSONAL CONTRATADO,145,145-HONORARIOS PROFESIONALES,1,1 - GENUINO,99,99-ALCANCE NACIONAL,1000000,1000000-DIRECCION GENERAL DE ADMINISTRACION Y FINANZAS,12,12 - REMUNERACIONES VARIAS,A,ACTIVIDAD,243469200,243469200,32969200,0,0,0,2,2025,2025-02-24
2025,12,12,12-PODER EJECUTIVO,8,008-MINISTERIO DE SALUD PÚBLICA Y BIENESTAR SOCIAL,43,43 - DIR. GRAL DE VIGILANCIA DE LA SALUD,2,2-PROGRAMAS SUSTANTIVOS,3,003 - SERVICIOS DE APOYO Y DIAGNOSTICO P/ LA MEJORA EN LA ATENCIÓN,0,  0 - *,4,004-GESTIONES INTEGRADAS PARA LA PROVISIÓN DE BIOLÓGICOS,300,300 - SERVICIOS SOCIALES,310,310 - SALUD,319,319-SALUD SIN DISCRIMINAR,,,,10,10-RECURSOS DEL TESORO,100,100-SERVICIOS PERSONALES,110,110-REMUNERACIONES BÁSICAS,113,113-GASTOS DE REPRESENTACIÓN,1,1 - GENUINO,99,99-ALCANCE NACIONAL,1000000,1000000-DIRECCION GENERAL DE ADMINISTRACION Y FINANZAS,11,11 - REMUNERACIONES BÁSICAS,A,ACTIVIDAD,38738400,38738400,3228200,0,0,0,3,2025,2025-03-28
2025,12,12,12-PODER EJECUTIVO,8,008-MINISTERIO DE SALUD PÚBLICA Y BIENESTAR SOCIAL,43,43 - DIR. GRAL DE VIGILANCIA DE LA SALUD,2,2-PROGRAMAS SUSTANTIVOS,3,003 - SERVICIOS DE APOYO Y DIAGNOSTICO P/ LA MEJORA EN LA ATENCIÓN,0,  0 - *,4,004-GESTIONES INTEGRADAS PARA LA PROVISIÓN DE BIOLÓGICOS,300,300 - SERVICIOS SOCIALES,310,310 - SALUD,319,319-SALUD SIN DISCRIMINAR,,,,10,10-RECURSOS DEL TESORO,100,100-SERVICIOS PERSONALES,110,110-REMUNERACIONES BÁSICAS,111,111-SUELDOS,1,1 - GENUINO,99,99-ALCANCE NACIONAL,1000000,1000000-DIRECCION GENERAL DE ADMINISTRACION Y FINANZAS,11,11 - REMUNERACIONES BÁSICAS,A,ACTIVIDAD,1280400000,1280400000,106700000,0,0,0,3,2025,2025-03-28
2025,12,12,12-PODER EJECUTIVO,8,008-MINISTERIO DE SALUD PÚBLICA Y BIENESTAR SOCIAL,43,43 - DIR. GRAL DE VIGILANCIA DE LA SALUD,2,2-PROGRAMAS SUSTANTIVOS,3,003 - SERVICIOS DE APOYO Y DIAGNOSTICO P/ LA MEJORA EN LA ATENCIÓN,0,  0 - *,4,004-GESTIONES INTEGRADAS PARA LA PROVISIÓN DE BIOLÓGICOS,300,300 - SERVICIOS SOCIALES,310,310 - SALUD,319,319-SALUD SIN DISCRIMINAR,,,,10,10-RECURSOS DEL TESORO,100,100-SERVICIOS PERSONALES,120,120-REMUNERACIONES TEMPORALES,123,123-REMUNERACIÓN EXTRAORDINARIA,1,1 - GENUINO,99,99-ALCANCE NACIONAL,1000000,1000000-DIRECCION GENERAL DE ADMINISTRACION Y FINANZAS,12,12 - REMUNERACIONES VARIAS,A,ACTIVIDAD,271537746,271537746,1537746,0,0,0,3,2025,2025-03-28
2025,12,12,12-PODER EJECUTIVO,8,008-MINISTERIO DE SALUD PÚBLICA Y BIENESTAR SOCIAL,43,43 - DIR. GRAL DE VIGILANCIA DE LA SALUD,2,2-PROGRAMAS SUSTANTIVOS,3,003 - SERVICIOS DE APOYO Y DIAGNOSTICO P/ LA MEJORA EN LA ATENCIÓN,0,  0 - *,4,004-GESTIONES INTEGRADAS PARA LA PROVISIÓN DE BIOLÓGICOS,300,300 - SERVICIOS SOCIALES,310,310 - SALUD,319,319-SALUD SIN DISCRIMINAR,,,,10,10-RECURSOS DEL TESORO,100,100-SERVICIOS PERSONALES,130,130-ASIGNACIONES COMPLEMENTARIAS,133,133-BONIFICACIONES,1,1 - GENUINO,99,99-ALCANCE NACIONAL,1000000,1000000-DIRECCION GENERAL DE ADMINISTRACION Y FINANZAS,19,19 - OTROS SERVICIOS PERSONALES,A,ACTIVIDAD,830604580,830604580,114504580,0,0,0,3,2025,2025-03-28
2025,12,12,12-PODER EJECUTIVO,8,008-MINISTERIO DE SALUD PÚBLICA Y BIENESTAR SOCIAL,43,43 - DIR. GRAL DE VIGILANCIA DE LA SALUD,2,2-PROGRAMAS SUSTANTIVOS,3,003 - SERVICIOS DE APOYO Y DIAGNOSTICO P/ LA MEJORA EN LA ATENCIÓN,0,  0 - *,4,004-GESTIONES INTEGRADAS PARA LA PROVISIÓN DE BIOLÓGICOS,300,300 - SERVICIOS SOCIALES,310,310 - SALUD,319,319-SALUD SIN DISCRIMINAR,,,,10,10-RECURSOS DEL TESORO,100,100-SERVICIOS PERSONALES,140,140-PERSONAL CONTRATADO,142,142-CONTRATACIÓN DE PERSONAL DE SALUD,1,1 - GENUINO,99,99-ALCANCE NACIONAL,1000000,1000000-DIRECCION GENERAL DE ADMINISTRACION Y FINANZAS,12,12 - REMUNERACIONES VARIAS,A,ACTIVIDAD,2025493600,2025493600,4686400,0,0,0,3,2025,2025-03-28
2025,12,12,12-PODER EJECUTIVO,8,008-MINISTERIO DE SALUD PÚBLICA Y BIENESTAR SOCIAL,43,43 - DIR. GRAL DE VIGILANCIA DE LA SALUD,2,2-PROGRAMAS SUSTANTIVOS,3,003 - SERVICIOS DE APOYO Y DIAGNOSTICO P/ LA MEJORA EN LA ATENCIÓN,0,  0 - *,4,004-GESTIONES INTEGRADAS PARA LA PROVISIÓN DE BIOLÓGICOS,300,300 - SERVICIOS SOCIALES,310,310 - SALUD,319,319-SALUD SIN DISCRIMINAR,,,,10,10-RECURSOS DEL TESORO,100,100-SERVICIOS PERSONALES,140,140-PERSONAL CONTRATADO,144,144-JORNALES,1,1 - GENUINO,99,99-ALCANCE NACIONAL,1000000,1000000-DIRECCION GENERAL DE ADMINISTRACION Y FINANZAS,12,12 - REMUNERACIONES VARIAS,A,ACTIVIDAD,1039081459,1039081459,1081459,0,0,0,3,2025,2025-03-28
2025,12,12,12-PODER EJECUTIVO,8,008-MINISTERIO DE SALUD PÚBLICA Y BIENESTAR SOCIAL,43,43 - DIR. GRAL DE VIGILANCIA DE LA SALUD,2,2-PROGRAMAS SUSTANTIVOS,3,003 - SERVICIOS DE APOYO Y DIAGNOSTICO P/ LA MEJORA EN LA ATENCIÓN,0,  0 - *,4,004-GESTIONES INTEGRADAS PARA LA PROVISIÓN DE BIOLÓGICOS,300,300 - SERVICIOS SOCIALES,310,310 - SALUD,319,319-SALUD SIN DISCRIMINAR,,,,10,10-RECURSOS DEL TESORO,100,100-SERVICIOS PERSONALES,110,110-REMUNERACIONES BÁSICAS,114,114-AGUINALDO,1,1 - GENUINO,99,99-ALCANCE NACIONAL,1000000,1000000-DIRECCION GENERAL DE ADMINISTRACION Y FINANZAS,11,11 - REMUNERACIONES BÁSICAS,A,ACTIVIDAD,109928200,109928200,109928200,0,0,0,8,2025,2025-08-25
2025,12,12,12-PODER EJECUTIVO,8,008-MINISTERIO DE SALUD PÚBLICA Y BIENESTAR SOCIAL,51,51 - VICEMINISTERIO DE RECTORIA Y VIGILANCIA DE LA SALUD,2,2-PROGRAMAS SUSTANTIVOS,3,003 - SERVICIOS DE APOYO Y DIAGNOSTICO P/ LA MEJORA EN LA ATENCIÓN,0,  0 - *,3,003-SERVICIOS LABORATORIALES,300,300 - SERVICIOS SOCIALES,310,310 - SALUD,319,319-SALUD SIN DISCRIMINAR,,,,30,30-RECURSOS INSTITUCIONALES,100,100-SERVICIOS PERSONALES,140,140-PERSONAL CONTRATADO,141,141-CONTRATACIÓN DE PERSONAL TÉCNICO,63,63 - CONACYT,99,99-ALCANCE NACIONAL,1000000,1000000-DIRECCION GENERAL DE ADMINISTRACION Y FINANZAS,12,12 - REMUNERACIONES VARIAS,A,ACTIVIDAD,0,6987500,537500,0,0,0,8,2025,2025-08-25
2025,12,12,12-PODER EJECUTIVO,8,008-MINISTERIO DE SALUD PÚBLICA Y BIENESTAR SOCIAL,51,51 - VICEMINISTERIO DE RECTORIA Y VIGILANCIA DE LA SALUD,2,2-PROGRAMAS SUSTANTIVOS,3,003 - SERVICIOS DE APOYO Y DIAGNOSTICO P/ LA MEJORA EN LA ATENCIÓN,0,  0 - *,3,003-SERVICIOS LABORATORIALES,300,300 - SERVICIOS SOCIALES,310,310 - SALUD,319,319-SALUD SIN DISCRIMINAR,,,,30,30-RECURSOS INSTITUCIONALES,100,100-SERVICIOS PERSONALES,140,140-PERSONAL CONTRATADO,145,145-HONORARIOS PROFESIONALES,63,63 - CONACYT,99,99-ALCANCE NACIONAL,1000000,1000000-DIRECCION GENERAL DE ADMINISTRACION Y FINANZAS,12,12 - REMUNERACIONES VARIAS,A,ACTIVIDAD,0,14625000,1125000,0,0,0,8,2025,2025-08-25
2025,12,12,12-PODER EJECUTIVO,8,008-MINISTERIO DE SALUD PÚBLICA Y BIENESTAR SOCIAL,43,43 - DIR. GRAL DE VIGILANCIA DE LA SALUD,2,2-PROGRAMAS SUSTANTIVOS,3,003 - SERVICIOS DE APOYO Y DIAGNOSTICO P/ LA MEJORA EN LA ATENCIÓN,0,  0 - *,4,004-GESTIONES INTEGRADAS PARA LA PROVISIÓN DE BIOLÓGICOS,300,300 - SERVICIOS SOCIALES,310,310 - SALUD,319,319-SALUD SIN DISCRIMINAR,,,,10,10-RECURSOS DEL TESORO,100,100-SERVICIOS PERSONALES,110,110-REMUNERACIONES BÁSICAS,113,113-GASTOS DE REPRESENTACIÓN,1,1 - GENUINO,99,99-ALCANCE NACIONAL,1000000,1000000-DIRECCION GENERAL DE ADMINISTRACION Y FINANZAS,11,11 - REMUNERACIONES BÁSICAS,A,ACTIVIDAD,38738400,38738400,3228200,0,0,0,8,2025,2025-08-25
2025,12,12,12-PODER EJECUTIVO,8,008-MINISTERIO DE SALUD PÚBLICA Y BIENESTAR SOCIAL,51,51 - VICEMINISTERIO DE RECTORIA Y VIGILANCIA DE LA SALUD,2,2-PROGRAMAS SUSTANTIVOS,3,003 - SERVICIOS DE APOYO Y DIAGNOSTICO P/ LA MEJORA EN LA ATENCIÓN,0,  0 - *,2,002-HABILITACIÓN Y CONTROL DE LABORATORIOS DE ANALISIS CLÍNICOS,300,300 - SERVICIOS SOCIALES,310,310 - SALUD,319,319-SALUD SIN DISCRIMINAR,,,,10,10-RECURSOS DEL TESORO,100,100-SERVICIOS PERSONALES,110,110-REMUNERACIONES BÁSICAS,114,114-AGUINALDO,1,1 - GENUINO,99,99-ALCANCE NACIONAL,1000000,1000000-DIRECCION GENERAL DE ADMINISTRACION Y FINANZAS,11,11 - REMUNERACIONES BÁSICAS,A,ACTIVIDAD,494410400,494410400,494410400,0,0,0,8,2025,2025-08-25
2025,12,12,12-PODER EJECUTIVO,8,008-MINISTERIO DE SALUD PÚBLICA Y BIENESTAR SOCIAL,51,51 - VICEMINISTERIO DE RECTORIA Y VIGILANCIA DE LA SALUD,2,2-PROGRAMAS SUSTANTIVOS,3,003 - SERVICIOS DE APOYO Y DIAGNOSTICO P/ LA MEJORA EN LA ATENCIÓN,0,  0 - *,2,002-HABILITACIÓN Y CONTROL DE LABORATORIOS DE ANALISIS CLÍNICOS,300,300 - SERVICIOS SOCIALES,310,310 - SALUD,319,319-SALUD SIN DISCRIMINAR,,,,10,10-RECURSOS DEL TESORO,100,100-SERVICIOS PERSONALES,110,110-REMUNERACIONES BÁSICAS,111,111-SUELDOS,1,1 - GENUINO,99,99-ALCANCE NACIONAL,1000000,1000000-DIRECCION GENERAL DE ADMINISTRACION Y FINANZAS,11,11 - REMUNERACIONES BÁSICAS,A,ACTIVIDAD,5855448000,5855448000,487954000,0,0,0,8,2025,2025-08-25
2025,12,12,12-PODER EJECUTIVO,8,008-MINISTERIO DE SALUD PÚBLICA Y BIENESTAR SOCIAL,51,51 - VICEMINISTERIO DE RECTORIA Y VIGILANCIA DE LA SALUD,2,2-PROGRAMAS SUSTANTIVOS,3,003 - SERVICIOS DE APOYO Y DIAGNOSTICO P/ LA MEJORA EN LA ATENCIÓN,0,  0 - *,2,002-HABILITACIÓN Y CONTROL DE LABORATORIOS DE ANALISIS CLÍNICOS,300,300 - SERVICIOS SOCIALES,310,310 - SALUD,319,319-SALUD SIN DISCRIMINAR,,,,10,10-RECURSOS DEL TESORO,100,100-SERVICIOS PERSONALES,110,110-REMUNERACIONES BÁSICAS,113,113-GASTOS DE REPRESENTACIÓN,1,1 - GENUINO,99,99-ALCANCE NACIONAL,1000000,1000000-DIRECCION GENERAL DE ADMINISTRACION Y FINANZAS,11,11 - REMUNERACIONES BÁSICAS,A,ACTIVIDAD,77476800,77476800,6456400,0,0,0,8,2025,2025-08-25
2025,12,12,12-PODER EJECUTIVO,8,008-MINISTERIO DE SALUD PÚBLICA Y BIENESTAR SOCIAL,51,51 - VICEMINISTERIO DE RECTORIA Y VIGILANCIA DE LA SALUD,2,2-PROGRAMAS SUSTANTIVOS,3,003 - SERVICIOS DE APOYO Y DIAGNOSTICO P/ LA MEJORA EN LA ATENCIÓN,0,  0 - *,3,003-SERVICIOS LABORATORIALES,300,300 - SERVICIOS SOCIALES,310,310 - SALUD,319,319-SALUD SIN DISCRIMINAR,,,,10,10-RECURSOS DEL TESORO,100,100-SERVICIOS PERSONALES,130,130-ASIGNACIONES COMPLEMENTARIAS,133,133-BONIFICACIONES,1,1 - GENUINO,99,99-ALCANCE NACIONAL,1000000,1000000-DIRECCION GENERAL DE ADMINISTRACION Y FINANZAS,19,19 - OTROS SERVICIOS PERSONALES,A,ACTIVIDAD,1679464813,1679464813,219464813,0,0,0,8,2025,2025-08-25
2025,12,12,12-PODER EJECUTIVO,8,008-MINISTERIO DE SALUD PÚBLICA Y BIENESTAR SOCIAL,51,51 - VICEMINISTERIO DE RECTORIA Y VIGILANCIA DE LA SALUD,2,2-PROGRAMAS SUSTANTIVOS,3,003 - SERVICIOS DE APOYO Y DIAGNOSTICO P/ LA MEJORA EN LA ATENCIÓN,0,  0 - *,3,003-SERVICIOS LABORATORIALES,300,300 - SERVICIOS SOCIALES,310,310 - SALUD,319,319-SALUD SIN DISCRIMINAR,,,,30,30-RECURSOS INSTITUCIONALES,100,100-SERVICIOS PERSONALES,130,130-ASIGNACIONES COMPLEMENTARIAS,133,133-BONIFICACIONES,63,63 - CONACYT,99,99-ALCANCE NACIONAL,1000000,1000000-DIRECCION GENERAL DE ADMINISTRACION Y FINANZAS,19,19 - OTROS SERVICIOS PERSONALES,A,ACTIVIDAD,32000000,147387500,23480000,0,0,0,8,2025,2025-08-25
2025,12,12,12-PODER EJECUTIVO,8,008-MINISTERIO DE SALUD PÚBLICA Y BIENESTAR SOCIAL,51,51 - VICEMINISTERIO DE RECTORIA Y VIGILANCIA DE LA SALUD,2,2-PROGRAMAS SUSTANTIVOS,3,003 - SERVICIOS DE APOYO Y DIAGNOSTICO P/ LA MEJORA EN LA ATENCIÓN,0,  0 - *,3,003-SERVICIOS LABORATORIALES,300,300 - SERVICIOS SOCIALES,310,310 - SALUD,319,319-SALUD SIN DISCRIMINAR,,,,10,10-RECURSOS DEL TESORO,100,100-SERVICIOS PERSONALES,140,140-PERSONAL CONTRATADO,141,141-CONTRATACIÓN DE PERSONAL TÉCNICO,1,1 - GENUINO,99,99-ALCANCE NACIONAL,1000000,1000000-DIRECCION GENERAL DE ADMINISTRACION Y FINANZAS,12,12 - REMUNERACIONES VARIAS,A,ACTIVIDAD,83584800,83584800,12859200,0,0,0,8,2025,2025-08-25
2025,12,12,12-PODER EJECUTIVO,8,008-MINISTERIO DE SALUD PÚBLICA Y BIENESTAR SOCIAL,51,51 - VICEMINISTERIO DE RECTORIA Y VIGILANCIA DE LA SALUD,2,2-PROGRAMAS SUSTANTIVOS,3,003 - SERVICIOS DE APOYO Y DIAGNOSTICO P/ LA MEJORA EN LA ATENCIÓN,0,  0 - *,3,003-SERVICIOS LABORATORIALES,300,300 - SERVICIOS SOCIALES,310,310 - SALUD,319,319-SALUD SIN DISCRIMINAR,,,,10,10-RECURSOS DEL TESORO,100,100-SERVICIOS PERSONALES,140,140-PERSONAL CONTRATADO,142,142-CONTRATACIÓN DE PERSONAL DE SALUD,1,1 - GENUINO,99,99-ALCANCE NACIONAL,1000000,1000000-DIRECCION GENERAL DE ADMINISTRACION Y FINANZAS,12,12 - REMUNERACIONES VARIAS,A,ACTIVIDAD,3384711200,3384711200,1844000,0,0,0,8,2025,2025-08-25
2025,12,12,12-PODER EJECUTIVO,8,008-MINISTERIO DE SALUD PÚBLICA Y BIENESTAR SOCIAL,51,51 - VICEMINISTERIO DE RECTORIA Y VIGILANCIA DE LA SALUD,2,2-PROGRAMAS SUSTANTIVOS,3,003 - SERVICIOS DE APOYO Y DIAGNOSTICO P/ LA MEJORA EN LA ATENCIÓN,0,  0 - *,2,002-HABILITACIÓN Y CONTROL DE LABORATORIOS DE ANALISIS CLÍNICOS,300,300 - SERVICIOS SOCIALES,310,310 - SALUD,319,319-SALUD SIN DISCRIMINAR,,,,10,10-RECURSOS DEL TESORO,100,100-SERVICIOS PERSONALES,110,110-REMUNERACIONES BÁSICAS,111,111-SUELDOS,1,1 - GENUINO,99,99-ALCANCE NACIONAL,1000000,1000000-DIRECCION GENERAL DE ADMINISTRACION Y FINANZAS,11,11 - REMUNERACIONES BÁSICAS,A,ACTIVIDAD,5855448000,5855448000,487954000,0,0,0,3,2025,2025-03-28
2025,12,12,12-PODER EJECUTIVO,8,008-MINISTERIO DE SALUD PÚBLICA Y BIENESTAR SOCIAL,51,51 - VICEMINISTERIO DE RECTORIA Y VIGILANCIA DE LA SALUD,2,2-PROGRAMAS SUSTANTIVOS,3,003 - SERVICIOS DE APOYO Y DIAGNOSTICO P/ LA MEJORA EN LA ATENCIÓN,0,  0 - *,2,002-HABILITACIÓN Y CONTROL DE LABORATORIOS DE ANALISIS CLÍNICOS,300,300 - SERVICIOS SOCIALES,310,310 - SALUD,319,319-SALUD SIN DISCRIMINAR,,,,10,10-RECURSOS DEL TESORO,100,100-SERVICIOS PERSONALES,110,110-REMUNERACIONES BÁSICAS,113,113-GASTOS DE REPRESENTACIÓN,1,1 - GENUINO,99,99-ALCANCE NACIONAL,1000000,1000000-DIRECCION GENERAL DE ADMINISTRACION Y FINANZAS,11,11 - REMUNERACIONES BÁSICAS,A,ACTIVIDAD,77476800,77476800,6456400,0,0,0,3,2025,2025-03-28
2025,12,12,12-PODER EJECUTIVO,8,008-MINISTERIO DE SALUD PÚBLICA Y BIENESTAR SOCIAL,51,51 - VICEMINISTERIO DE RECTORIA Y VIGILANCIA DE LA SALUD,2,2-PROGRAMAS SUSTANTIVOS,3,003 - SERVICIOS DE APOYO Y DIAGNOSTICO P/ LA MEJORA EN LA ATENCIÓN,0,  0 - *,2,002-HABILITACIÓN Y CONTROL DE LABORATORIOS DE ANALISIS CLÍNICOS,300,300 - SERVICIOS SOCIALES,310,310 - SALUD,319,319-SALUD SIN DISCRIMINAR,,,,10,10-RECURSOS DEL TESORO,100,100-SERVICIOS PERSONALES,110,110-REMUNERACIONES BÁSICAS,114,114-AGUINALDO,1,1 - GENUINO,99,99-ALCANCE NACIONAL,1000000,1000000-DIRECCION GENERAL DE ADMINISTRACION Y FINANZAS,11,11 - REMUNERACIONES BÁSICAS,A,ACTIVIDAD,494410400,494410400,494410400,0,0,0,3,2025,2025-03-28
2025,12,12,12-PODER EJECUTIVO,8,008-MINISTERIO DE SALUD PÚBLICA Y BIENESTAR SOCIAL,41,41 - DIRECCIÓN GRAL. DE DES. DE LOS SERV.DE SALUD,2,2-PROGRAMAS SUSTANTIVOS,3,003 - SERVICIOS DE APOYO Y DIAGNOSTICO P/ LA MEJORA EN LA ATENCIÓN,0,  0 - *,1,"001-OBTENCIÓN, PRODUCCIÓN Y SUMINISTROS DE SANGRE",300,300 - SERVICIOS SOCIALES,310,310 - SALUD,319,319-SALUD SIN DISCRIMINAR,,,,10,10-RECURSOS DEL TESORO,100,100-SERVICIOS PERSONALES,140,140-PERSONAL CONTRATADO,144,144-JORNALES,1,1 - GENUINO,99,99-ALCANCE NACIONAL,1000000,1000000-DIRECCION GENERAL DE ADMINISTRACION Y FINANZAS,12,12 - REMUNERACIONES VARIAS,A,ACTIVIDAD,441162800,441162800,162800,0,0,0,3,2025,2025-03-28
2025,12,12,12-PODER EJECUTIVO,8,008-MINISTERIO DE SALUD PÚBLICA Y BIENESTAR SOCIAL,51,51 - VICEMINISTERIO DE RECTORIA Y VIGILANCIA DE LA SALUD,2,2-PROGRAMAS SUSTANTIVOS,3,003 - SERVICIOS DE APOYO Y DIAGNOSTICO P/ LA MEJORA EN LA ATENCIÓN,0,  0 - *,3,003-SERVICIOS LABORATORIALES,300,300 - SERVICIOS SOCIALES,310,310 - SALUD,319,319-SALUD SIN DISCRIMINAR,,,,10,10-RECURSOS DEL TESORO,100,100-SERVICIOS PERSONALES,130,130-ASIGNACIONES COMPLEMENTARIAS,133,133-BONIFICACIONES,1,1 - GENUINO,99,99-ALCANCE NACIONAL,1000000,1000000-DIRECCION GENERAL DE ADMINISTRACION Y FINANZAS,19,19 - OTROS SERVICIOS PERSONALES,A,ACTIVIDAD,1679464813,1679464813,219464813,0,0,0,3,2025,2025-03-28
2025,12,12,12-PODER EJECUTIVO,8,008-MINISTERIO DE SALUD PÚBLICA Y BIENESTAR SOCIAL,51,51 - VICEMINISTERIO DE RECTORIA Y VIGILANCIA DE LA SALUD,2,2-PROGRAMAS SUSTANTIVOS,3,003 - SERVICIOS DE APOYO Y DIAGNOSTICO P/ LA MEJORA EN LA ATENCIÓN,0,  0 - *,3,003-SERVICIOS LABORATORIALES,300,300 - SERVICIOS SOCIALES,310,310 - SALUD,319,319-SALUD SIN DISCRIMINAR,,,,30,30-RECURSOS INSTITUCIONALES,100,100-SERVICIOS PERSONALES,130,130-ASIGNACIONES COMPLEMENTARIAS,133,133-BONIFICACIONES,63,63 - CONACYT,99,99-ALCANCE NACIONAL,1000000,1000000-DIRECCION GENERAL DE ADMINISTRACION Y FINANZAS,19,19 - OTROS SERVICIOS PERSONALES,A,ACTIVIDAD,32000000,32000000,7000000,0,0,0,3,2025,2025-03-28
2025,12,12,12-PODER EJECUTIVO,8,008-MINISTERIO DE SALUD PÚBLICA Y BIENESTAR SOCIAL,51,51 - VICEMINISTERIO DE RECTORIA Y VIGILANCIA DE LA SALUD,2,2-PROGRAMAS SUSTANTIVOS,3,003 - SERVICIOS DE APOYO Y DIAGNOSTICO P/ LA MEJORA EN LA ATENCIÓN,0,  0 - *,3,003-SERVICIOS LABORATORIALES,300,300 - SERVICIOS SOCIALES,310,310 - SALUD,319,319-SALUD SIN DISCRIMINAR,,,,10,10-RECURSOS DEL TESORO,100,100-SERVICIOS PERSONALES,140,140-PERSONAL CONTRATADO,141,141-CONTRATACIÓN DE PERSONAL TÉCNICO,1,1 - GENUINO,99,99-ALCANCE NACIONAL,1000000,1000000-DIRECCION GENERAL DE ADMINISTRACION Y FINANZAS,12,12 - REMUNERACIONES VARIAS,A,ACTIVIDAD,83584800,83584800,12859200,0,0,0,3,2025,2025-03-28
2025,12,12,12-PODER EJECUTIVO,8,008-MINISTERIO DE SALUD PÚBLICA Y BIENESTAR SOCIAL,51,51 - VICEMINISTERIO DE RECTORIA Y VIGILANCIA DE LA SALUD,2,2-PROGRAMAS SUSTANTIVOS,3,003 - SERVICIOS DE APOYO Y DIAGNOSTICO P/ LA MEJORA EN LA ATENCIÓN,0,  0 - *,3,003-SERVICIOS LABORATORIALES,300,300 - SERVICIOS SOCIALES,310,310 - SALUD,319,319-SALUD SIN DISCRIMINAR,,,,10,10-RECURSOS DEL TESORO,100,100-SERVICIOS PERSONALES,140,140-PERSONAL CONTRATADO,142,142-CONTRATACIÓN DE PERSONAL DE SALUD,1,1 - GENUINO,99,99-ALCANCE NACIONAL,1000000,1000000-DIRECCION GENERAL DE ADMINISTRACION Y FINANZAS,12,12 - REMUNERACIONES VARIAS,A,ACTIVIDAD,3384711200,3384711200,1844000,0,0,0,3,2025,2025-03-28
2025,12,12,12-PODER EJECUTIVO,8,008-MINISTERIO DE SALUD PÚBLICA Y BIENESTAR SOCIAL,51,51 - VICEMINISTERIO DE RECTORIA Y VIGILANCIA DE LA SALUD,2,2-PROGRAMAS SUSTANTIVOS,3,003 - SERVICIOS DE APOYO Y DIAGNOSTICO P/ LA MEJORA EN LA ATENCIÓN,0,  0 - *,3,003-SERVICIOS LABORATORIALES,300,300 - SERVICIOS SOCIALES,310,310 - SALUD,319,319-SALUD SIN DISCRIMINAR,,,,30,30-RECURSOS INSTITUCIONALES,100,100-SERVICIOS PERSONALES,140,140-PERSONAL CONTRATADO,142,142-CONTRATACIÓN DE PERSONAL DE SALUD,63,63 - CONACYT,99,99-ALCANCE NACIONAL,1000000,1000000-DIRECCION GENERAL DE ADMINISTRACION Y FINANZAS,12,12 - REMUNERACIONES VARIAS,A,ACTIVIDAD,49920000,49920000,0,0,0,0,3,2025,2025-03-28
2025,12,12,12-PODER EJECUTIVO,8,008-MINISTERIO DE SALUD PÚBLICA Y BIENESTAR SOCIAL,51,51 - VICEMINISTERIO DE RECTORIA Y VIGILANCIA DE LA SALUD,2,2-PROGRAMAS SUSTANTIVOS,3,003 - SERVICIOS DE APOYO Y DIAGNOSTICO P/ LA MEJORA EN LA ATENCIÓN,0,  0 - *,3,003-SERVICIOS LABORATORIALES,300,300 - SERVICIOS SOCIALES,310,310 - SALUD,319,319-SALUD SIN DISCRIMINAR,,,,10,10-RECURSOS DEL TESORO,100,100-SERVICIOS PERSONALES,140,140-PERSONAL CONTRATADO,144,144-JORNALES,1,1 - GENUINO,99,99-ALCANCE NACIONAL,1000000,1000000-DIRECCION GENERAL DE ADMINISTRACION Y FINANZAS,12,12 - REMUNERACIONES VARIAS,A,ACTIVIDAD,1318505396,1318505396,3505396,0,0,0,3,2025,2025-03-28
2025,12,12,12-PODER EJECUTIVO,8,008-MINISTERIO DE SALUD PÚBLICA Y BIENESTAR SOCIAL,51,51 - VICEMINISTERIO DE RECTORIA Y VIGILANCIA DE LA SALUD,2,2-PROGRAMAS SUSTANTIVOS,3,003 - SERVICIOS DE APOYO Y DIAGNOSTICO P/ LA MEJORA EN LA ATENCIÓN,0,  0 - *,3,003-SERVICIOS LABORATORIALES,300,300 - SERVICIOS SOCIALES,310,310 - SALUD,319,319-SALUD SIN DISCRIMINAR,,,,10,10-RECURSOS DEL TESORO,100,100-SERVICIOS PERSONALES,140,140-PERSONAL CONTRATADO,145,145-HONORARIOS PROFESIONALES,1,1 - GENUINO,99,99-ALCANCE NACIONAL,1000000,1000000-DIRECCION GENERAL DE ADMINISTRACION Y FINANZAS,12,12 - REMUNERACIONES VARIAS,A,ACTIVIDAD,243469200,243469200,32969200,0,0,0,3,2025,2025-03-28
2025,12,12,12-PODER EJECUTIVO,8,008-MINISTERIO DE SALUD PÚBLICA Y BIENESTAR SOCIAL,41,41 - DIRECCIÓN GRAL. DE DES. DE LOS SERV.DE SALUD,2,2-PROGRAMAS SUSTANTIVOS,3,003 - SERVICIOS DE APOYO Y DIAGNOSTICO P/ LA MEJORA EN LA ATENCIÓN,0,  0 - *,1,"001-OBTENCIÓN, PRODUCCIÓN Y SUMINISTROS DE SANGRE",300,300 - SERVICIOS SOCIALES,310,310 - SALUD,319,319-SALUD SIN DISCRIMINAR,,,,10,10-RECURSOS DEL TESORO,100,100-SERVICIOS PERSONALES,130,130-ASIGNACIONES COMPLEMENTARIAS,133,133-BONIFICACIONES,1,1 - GENUINO,99,99-ALCANCE NACIONAL,1000000,1000000-DIRECCION GENERAL DE ADMINISTRACION Y FINANZAS,19,19 - OTROS SERVICIOS PERSONALES,A,ACTIVIDAD,687466659,687466659,86566239,0,0,0,3,2025,2025-03-28
2025,12,12,12-PODER EJECUTIVO,8,008-MINISTERIO DE SALUD PÚBLICA Y BIENESTAR SOCIAL,41,41 - DIRECCIÓN GRAL. DE DES. DE LOS SERV.DE SALUD,2,2-PROGRAMAS SUSTANTIVOS,3,003 - SERVICIOS DE APOYO Y DIAGNOSTICO P/ LA MEJORA EN LA ATENCIÓN,0,  0 - *,1,"001-OBTENCIÓN, PRODUCCIÓN Y SUMINISTROS DE SANGRE",300,300 - SERVICIOS SOCIALES,310,310 - SALUD,319,319-SALUD SIN DISCRIMINAR,,,,10,10-RECURSOS DEL TESORO,100,100-SERVICIOS PERSONALES,110,110-REMUNERACIONES BÁSICAS,111,111-SUELDOS,1,1 - GENUINO,99,99-ALCANCE NACIONAL,1000000,1000000-DIRECCION GENERAL DE ADMINISTRACION Y FINANZAS,11,11 - REMUNERACIONES BÁSICAS,A,ACTIVIDAD,1319856000,1319856000,109988000,0,0,0,3,2025,2025-03-28
2025,12,12,12-PODER EJECUTIVO,8,008-MINISTERIO DE SALUD PÚBLICA Y BIENESTAR SOCIAL,41,41 - DIRECCIÓN GRAL. DE DES. DE LOS SERV.DE SALUD,2,2-PROGRAMAS SUSTANTIVOS,3,003 - SERVICIOS DE APOYO Y DIAGNOSTICO P/ LA MEJORA EN LA ATENCIÓN,0,  0 - *,1,"001-OBTENCIÓN, PRODUCCIÓN Y SUMINISTROS DE SANGRE",300,300 - SERVICIOS SOCIALES,310,310 - SALUD,319,319-SALUD SIN DISCRIMINAR,,,,10,10-RECURSOS DEL TESORO,100,100-SERVICIOS PERSONALES,110,110-REMUNERACIONES BÁSICAS,113,113-GASTOS DE REPRESENTACIÓN,1,1 - GENUINO,99,99-ALCANCE NACIONAL,1000000,1000000-DIRECCION GENERAL DE ADMINISTRACION Y FINANZAS,11,11 - REMUNERACIONES BÁSICAS,A,ACTIVIDAD,38738400,38738400,3228200,0,0,0,3,2025,2025-03-28
2025,12,12,12-PODER EJECUTIVO,8,008-MINISTERIO DE SALUD PÚBLICA Y BIENESTAR SOCIAL,41,41 - DIRECCIÓN GRAL. DE DES. DE LOS SERV.DE SALUD,2,2-PROGRAMAS SUSTANTIVOS,3,003 - SERVICIOS DE APOYO Y DIAGNOSTICO P/ LA MEJORA EN LA ATENCIÓN,0,  0 - *,1,"001-OBTENCIÓN, PRODUCCIÓN Y SUMINISTROS DE SANGRE",300,300 - SERVICIOS SOCIALES,310,310 - SALUD,319,319-SALUD SIN DISCRIMINAR,,,,10,10-RECURSOS DEL TESORO,100,100-SERVICIOS PERSONALES,110,110-REMUNERACIONES BÁSICAS,114,114-AGUINALDO,1,1 - GENUINO,99,99-ALCANCE NACIONAL,1000000,1000000-DIRECCION GENERAL DE ADMINISTRACION Y FINANZAS,11,11 - REMUNERACIONES BÁSICAS,A,ACTIVIDAD,113216200,113216200,113216200,0,0,0,3,2025,2025-03-28
2025,12,12,12-PODER EJECUTIVO,8,008-MINISTERIO DE SALUD PÚBLICA Y BIENESTAR SOCIAL,41,41 - DIRECCIÓN GRAL. DE DES. DE LOS SERV.DE SALUD,2,2-PROGRAMAS SUSTANTIVOS,3,003 - SERVICIOS DE APOYO Y DIAGNOSTICO P/ LA MEJORA EN LA ATENCIÓN,0,  0 - *,1,"001-OBTENCIÓN, PRODUCCIÓN Y SUMINISTROS DE SANGRE",300,300 - SERVICIOS SOCIALES,310,310 - SALUD,319,319-SALUD SIN DISCRIMINAR,,,,10,10-RECURSOS DEL TESORO,100,100-SERVICIOS PERSONALES,140,140-PERSONAL CONTRATADO,142,142-CONTRATACIÓN DE PERSONAL DE SALUD,1,1 - GENUINO,99,99-ALCANCE NACIONAL,1000000,1000000-DIRECCION GENERAL DE ADMINISTRACION Y FINANZAS,12,12 - REMUNERACIONES VARIAS,A,ACTIVIDAD,1656158400,1656158400,4561600,0,0,0,3,2025,2025-03-28
2025,12,12,12-PODER EJECUTIVO,8,008-MINISTERIO DE SALUD PÚBLICA Y BIENESTAR SOCIAL,41,41 - DIRECCIÓN GRAL. DE DES. DE LOS SERV.DE SALUD,2,2-PROGRAMAS SUSTANTIVOS,3,003 - SERVICIOS DE APOYO Y DIAGNOSTICO P/ LA MEJORA EN LA ATENCIÓN,0,  0 - *,1,"001-OBTENCIÓN, PRODUCCIÓN Y SUMINISTROS DE SANGRE",300,300 - SERVICIOS SOCIALES,310,310 - SALUD,319,319-SALUD SIN DISCRIMINAR,,,,10,10-RECURSOS DEL TESORO,100,100-SERVICIOS PERSONALES,140,140-PERSONAL CONTRATADO,145,145-HONORARIOS PROFESIONALES,1,1 - GENUINO,99,99-ALCANCE NACIONAL,1000000,1000000-DIRECCION GENERAL DE ADMINISTRACION Y FINANZAS,12,12 - REMUNERACIONES VARIAS,A,ACTIVIDAD,52000000,52000000,3934400,0,0,0,3,2025,2025-03-28
2025,12,12,12-PODER EJECUTIVO,8,008-MINISTERIO DE SALUD PÚBLICA Y BIENESTAR SOCIAL,43,43 - DIR. GRAL DE VIGILANCIA DE LA SALUD,2,2-PROGRAMAS SUSTANTIVOS,3,003 - SERVICIOS DE APOYO Y DIAGNOSTICO P/ LA MEJORA EN LA ATENCIÓN,0,  0 - *,4,004-GESTIONES INTEGRADAS PARA LA PROVISIÓN DE BIOLÓGICOS,300,300 - SERVICIOS SOCIALES,310,310 - SALUD,319,319-SALUD SIN DISCRIMINAR,,,,10,10-RECURSOS DEL TESORO,100,100-SERVICIOS PERSONALES,110,110-REMUNERACIONES BÁSICAS,114,114-AGUINALDO,1,1 - GENUINO,99,99-ALCANCE NACIONAL,1000000,1000000-DIRECCION GENERAL DE ADMINISTRACION Y FINANZAS,11,11 - REMUNERACIONES BÁSICAS,A,ACTIVIDAD,109928200,109928200,109928200,0,0,0,3,2025,2025-03-28
2025,12,12,12-PODER EJECUTIVO,8,008-MINISTERIO DE SALUD PÚBLICA Y BIENESTAR SOCIAL,43,43 - DIR. GRAL DE VIGILANCIA DE LA SALUD,2,2-PROGRAMAS SUSTANTIVOS,3,003 - SERVICIOS DE APOYO Y DIAGNOSTICO P/ LA MEJORA EN LA ATENCIÓN,0,  0 - *,4,004-GESTIONES INTEGRADAS PARA LA PROVISIÓN DE BIOLÓGICOS,300,300 - SERVICIOS SOCIALES,310,310 - SALUD,319,319-SALUD SIN DISCRIMINAR,,,,10,10-RECURSOS DEL TESORO,100,100-SERVICIOS PERSONALES,130,130-ASIGNACIONES COMPLEMENTARIAS,133,133-BONIFICACIONES,1,1 - GENUINO,99,99-ALCANCE NACIONAL,1000000,1000000-DIRECCION GENERAL DE ADMINISTRACION Y FINANZAS,19,19 - OTROS SERVICIOS PERSONALES,A,ACTIVIDAD,830604580,830604580,114504580,0,0,0,8,2025,2025-08-25
2025,12,12,12-PODER EJECUTIVO,8,008-MINISTERIO DE SALUD PÚBLICA Y BIENESTAR SOCIAL,43,43 - DIR. GRAL DE VIGILANCIA DE LA SALUD,2,2-PROGRAMAS SUSTANTIVOS,3,003 - SERVICIOS DE APOYO Y DIAGNOSTICO P/ LA MEJORA EN LA ATENCIÓN,0,  0 - *,4,004-GESTIONES INTEGRADAS PARA LA PROVISIÓN DE BIOLÓGICOS,300,300 - SERVICIOS SOCIALES,310,310 - SALUD,319,319-SALUD SIN DISCRIMINAR,,,,10,10-RECURSOS DEL TESORO,100,100-SERVICIOS PERSONALES,140,140-PERSONAL CONTRATADO,142,142-CONTRATACIÓN DE PERSONAL DE SALUD,1,1 - GENUINO,99,99-ALCANCE NACIONAL,1000000,1000000-DIRECCION GENERAL DE ADMINISTRACION Y FINANZAS,12,12 - REMUNERACIONES VARIAS,A,ACTIVIDAD,2025493600,2025493600,4686400,0,0,0,8,2025,2025-08-25
2025,12,12,12-PODER EJECUTIVO,8,008-MINISTERIO DE SALUD PÚBLICA Y BIENESTAR SOCIAL,43,43 - DIR. GRAL DE VIGILANCIA DE LA SALUD,2,2-PROGRAMAS SUSTANTIVOS,3,003 - SERVICIOS DE APOYO Y DIAGNOSTICO P/ LA MEJORA EN LA ATENCIÓN,0,  0 - *,4,004-GESTIONES INTEGRADAS PARA LA PROVISIÓN DE BIOLÓGICOS,300,300 - SERVICIOS SOCIALES,310,310 - SALUD,319,319-SALUD SIN DISCRIMINAR,,,,10,10-RECURSOS DEL TESORO,100,100-SERVICIOS PERSONALES,140,140-PERSONAL CONTRATADO,144,144-JORNALES,1,1 - GENUINO,99,99-ALCANCE NACIONAL,1000000,1000000-DIRECCION GENERAL DE ADMINISTRACION Y FINANZAS,12,12 - REMUNERACIONES VARIAS,A,ACTIVIDAD,1039081459,999481459,1081459,0,0,0,8,2025,2025-08-25
2025,12,12,12-PODER EJECUTIVO,8,008-MINISTERIO DE SALUD PÚBLICA Y BIENESTAR SOCIAL,41,41 - DIRECCIÓN GRAL. DE DES. DE LOS SERV.DE SALUD,2,2-PROGRAMAS SUSTANTIVOS,3,003 - SERVICIOS DE APOYO Y DIAGNOSTICO P/ LA MEJORA EN LA ATENCIÓN,0,  0 - *,1,"001-OBTENCIÓN, PRODUCCIÓN Y SUMINISTROS DE SANGRE",300,300 - SERVICIOS SOCIALES,310,310 - SALUD,319,319-SALUD SIN DISCRIMINAR,,,,10,10-RECURSOS DEL TESORO,100,100-SERVICIOS PERSONALES,140,140-PERSONAL CONTRATADO,144,144-JORNALES,1,1 - GENUINO,99,99-ALCANCE NACIONAL,1000000,1000000-DIRECCION GENERAL DE ADMINISTRACION Y FINANZAS,12,12 - REMUNERACIONES VARIAS,A,ACTIVIDAD,441162800,441162800,162800,0,0,0,8,2025,2025-08-25
2025,12,12,12-PODER EJECUTIVO,8,008-MINISTERIO DE SALUD PÚBLICA Y BIENESTAR SOCIAL,43,43 - DIR. GRAL DE VIGILANCIA DE LA SALUD,2,2-PROGRAMAS SUSTANTIVOS,3,003 - SERVICIOS DE APOYO Y DIAGNOSTICO P/ LA MEJORA EN LA ATENCIÓN,0,  0 - *,4,004-GESTIONES INTEGRADAS PARA LA PROVISIÓN DE BIOLÓGICOS,300,300 - SERVICIOS SOCIALES,310,310 - SALUD,319,319-SALUD SIN DISCRIMINAR,,,,10,10-RECURSOS DEL TESORO,100,100-SERVICIOS PERSONALES,140,140-PERSONAL CONTRATADO,145,145-HONORARIOS PROFESIONALES,1,1 - GENUINO,99,99-ALCANCE NACIONAL,1000000,1000000-DIRECCION GENERAL DE ADMINISTRACION Y FINANZAS,12,12 - REMUNERACIONES VARIAS,A,ACTIVIDAD,0,39600000,0,0,0,0,8,2025,2025-08-25
2025,12,12,12-PODER EJECUTIVO,8,008-MINISTERIO DE SALUD PÚBLICA Y BIENESTAR SOCIAL,51,51 - VICEMINISTERIO DE RECTORIA Y VIGILANCIA DE LA SALUD,2,2-PROGRAMAS SUSTANTIVOS,3,003 - SERVICIOS DE APOYO Y DIAGNOSTICO P/ LA MEJORA EN LA ATENCIÓN,0,  0 - *,2,002-HABILITACIÓN Y CONTROL DE LABORATORIOS DE ANALISIS CLÍNICOS,300,300 - SERVICIOS SOCIALES,310,310 - SALUD,319,319-SALUD SIN DISCRIMINAR,,,,10,10-RECURSOS DEL TESORO,100,100-SERVICIOS PERSONALES,110,110-REMUNERACIONES BÁSICAS,111,111-SUELDOS,1,1 - GENUINO,99,99-ALCANCE NACIONAL,1000000,1000000-DIRECCION GENERAL DE ADMINISTRACION Y FINANZAS,11,11 - REMUNERACIONES BÁSICAS,A,ACTIVIDAD,5855448000,5855448000,487954000,0,0,0,7,2025,2025-07-25
2025,12,12,12-PODER EJECUTIVO,8,008-MINISTERIO DE SALUD PÚBLICA Y BIENESTAR SOCIAL,51,51 - VICEMINISTERIO DE RECTORIA Y VIGILANCIA DE LA SALUD,2,2-PROGRAMAS SUSTANTIVOS,3,003 - SERVICIOS DE APOYO Y DIAGNOSTICO P/ LA MEJORA EN LA ATENCIÓN,0,  0 - *,2,002-HABILITACIÓN Y CONTROL DE LABORATORIOS DE ANALISIS CLÍNICOS,300,300 - SERVICIOS SOCIALES,310,310 - SALUD,319,319-SALUD SIN DISCRIMINAR,,,,10,10-RECURSOS DEL TESORO,100,100-SERVICIOS PERSONALES,110,110-REMUNERACIONES BÁSICAS,113,113-GASTOS DE REPRESENTACIÓN,1,1 - GENUINO,99,99-ALCANCE NACIONAL,1000000,1000000-DIRECCION GENERAL DE ADMINISTRACION Y FINANZAS,11,11 - REMUNERACIONES BÁSICAS,A,ACTIVIDAD,77476800,77476800,6456400,0,0,0,7,2025,2025-07-25
2025,12,12,12-PODER EJECUTIVO,8,008-MINISTERIO DE SALUD PÚBLICA Y BIENESTAR SOCIAL,51,51 - VICEMINISTERIO DE RECTORIA Y VIGILANCIA DE LA SALUD,2,2-PROGRAMAS SUSTANTIVOS,3,003 - SERVICIOS DE APOYO Y DIAGNOSTICO P/ LA MEJORA EN LA ATENCIÓN,0,  0 - *,2,002-HABILITACIÓN Y CONTROL DE LABORATORIOS DE ANALISIS CLÍNICOS,300,300 - SERVICIOS SOCIALES,310,310 - SALUD,319,319-SALUD SIN DISCRIMINAR,,,,10,10-RECURSOS DEL TESORO,100,100-SERVICIOS PERSONALES,110,110-REMUNERACIONES BÁSICAS,114,114-AGUINALDO,1,1 - GENUINO,99,99-ALCANCE NACIONAL,1000000,1000000-DIRECCION GENERAL DE ADMINISTRACION Y FINANZAS,11,11 - REMUNERACIONES BÁSICAS,A,ACTIVIDAD,494410400,494410400,494410400,0,0,0,7,2025,2025-07-25
2025,12,12,12-PODER EJECUTIVO,8,008-MINISTERIO DE SALUD PÚBLICA Y BIENESTAR SOCIAL,51,51 - VICEMINISTERIO DE RECTORIA Y VIGILANCIA DE LA SALUD,2,2-PROGRAMAS SUSTANTIVOS,3,003 - SERVICIOS DE APOYO Y DIAGNOSTICO P/ LA MEJORA EN LA ATENCIÓN,0,  0 - *,3,003-SERVICIOS LABORATORIALES,300,300 - SERVICIOS SOCIALES,310,310 - SALUD,319,319-SALUD SIN DISCRIMINAR,,,,10,10-RECURSOS DEL TESORO,100,100-SERVICIOS PERSONALES,140,140-PERSONAL CONTRATADO,144,144-JORNALES,1,1 - GENUINO,99,99-ALCANCE NACIONAL,1000000,1000000-DIRECCION GENERAL DE ADMINISTRACION Y FINANZAS,12,12 - REMUNERACIONES VARIAS,A,ACTIVIDAD,1318505396,1318505396,3505396,0,0,0,7,2025,2025-07-25
2025,12,12,12-PODER EJECUTIVO,8,008-MINISTERIO DE SALUD PÚBLICA Y BIENESTAR SOCIAL,51,51 - VICEMINISTERIO DE RECTORIA Y VIGILANCIA DE LA SALUD,2,2-PROGRAMAS SUSTANTIVOS,3,003 - SERVICIOS DE APOYO Y DIAGNOSTICO P/ LA MEJORA EN LA ATENCIÓN,0,  0 - *,3,003-SERVICIOS LABORATORIALES,300,300 - SERVICIOS SOCIALES,310,310 - SALUD,319,319-SALUD SIN DISCRIMINAR,,,,10,10-RECURSOS DEL TESORO,100,100-SERVICIOS PERSONALES,130,130-ASIGNACIONES COMPLEMENTARIAS,133,133-BONIFICACIONES,1,1 - GENUINO,99,99-ALCANCE NACIONAL,1000000,1000000-DIRECCION GENERAL DE ADMINISTRACION Y FINANZAS,19,19 - OTROS SERVICIOS PERSONALES,A,ACTIVIDAD,1679464813,1679464813,219464813,0,0,0,7,2025,2025-07-25
2025,12,12,12-PODER EJECUTIVO,8,008-MINISTERIO DE SALUD PÚBLICA Y BIENESTAR SOCIAL,51,51 - VICEMINISTERIO DE RECTORIA Y VIGILANCIA DE LA SALUD,2,2-PROGRAMAS SUSTANTIVOS,3,003 - SERVICIOS DE APOYO Y DIAGNOSTICO P/ LA MEJORA EN LA ATENCIÓN,0,  0 - *,3,003-SERVICIOS LABORATORIALES,300,300 - SERVICIOS SOCIALES,310,310 - SALUD,319,319-SALUD SIN DISCRIMINAR,,,,30,30-RECURSOS INSTITUCIONALES,100,100-SERVICIOS PERSONALES,130,130-ASIGNACIONES COMPLEMENTARIAS,133,133-BONIFICACIONES,63,63 - CONACYT,99,99-ALCANCE NACIONAL,1000000,1000000-DIRECCION GENERAL DE ADMINISTRACION Y FINANZAS,19,19 - OTROS SERVICIOS PERSONALES,A,ACTIVIDAD,32000000,147387500,23480000,0,0,0,7,2025,2025-07-25
2025,12,12,12-PODER EJECUTIVO,8,008-MINISTERIO DE SALUD PÚBLICA Y BIENESTAR SOCIAL,51,51 - VICEMINISTERIO DE RECTORIA Y VIGILANCIA DE LA SALUD,2,2-PROGRAMAS SUSTANTIVOS,3,003 - SERVICIOS DE APOYO Y DIAGNOSTICO P/ LA MEJORA EN LA ATENCIÓN,0,  0 - *,3,003-SERVICIOS LABORATORIALES,300,300 - SERVICIOS SOCIALES,310,310 - SALUD,319,319-SALUD SIN DISCRIMINAR,,,,10,10-RECURSOS DEL TESORO,100,100-SERVICIOS PERSONALES,140,140-PERSONAL CONTRATADO,141,141-CONTRATACIÓN DE PERSONAL TÉCNICO,1,1 - GENUINO,99,99-ALCANCE NACIONAL,1000000,1000000-DIRECCION GENERAL DE ADMINISTRACION Y FINANZAS,12,12 - REMUNERACIONES VARIAS,A,ACTIVIDAD,83584800,83584800,12859200,0,0,0,7,2025,2025-07-25
2025,12,12,12-PODER EJECUTIVO,8,008-MINISTERIO DE SALUD PÚBLICA Y BIENESTAR SOCIAL,51,51 - VICEMINISTERIO DE RECTORIA Y VIGILANCIA DE LA SALUD,2,2-PROGRAMAS SUSTANTIVOS,3,003 - SERVICIOS DE APOYO Y DIAGNOSTICO P/ LA MEJORA EN LA ATENCIÓN,0,  0 - *,3,003-SERVICIOS LABORATORIALES,300,300 - SERVICIOS SOCIALES,310,310 - SALUD,319,319-SALUD SIN DISCRIMINAR,,,,10,10-RECURSOS DEL TESORO,100,100-SERVICIOS PERSONALES,140,140-PERSONAL CONTRATADO,142,142-CONTRATACIÓN DE PERSONAL DE SALUD,1,1 - GENUINO,99,99-ALCANCE NACIONAL,1000000,1000000-DIRECCION GENERAL DE ADMINISTRACION Y FINANZAS,12,12 - REMUNERACIONES VARIAS,A,ACTIVIDAD,3384711200,3384711200,1844000,0,0,0,7,2025,2025-07-25
2025,12,12,12-PODER EJECUTIVO,8,008-MINISTERIO DE SALUD PÚBLICA Y BIENESTAR SOCIAL,51,51 - VICEMINISTERIO DE RECTORIA Y VIGILANCIA DE LA SALUD,2,2-PROGRAMAS SUSTANTIVOS,3,003 - SERVICIOS DE APOYO Y DIAGNOSTICO P/ LA MEJORA EN LA ATENCIÓN,0,  0 - *,3,003-SERVICIOS LABORATORIALES,300,300 - SERVICIOS SOCIALES,310,310 - SALUD,319,319-SALUD SIN DISCRIMINAR,,,,30,30-RECURSOS INSTITUCIONALES,100,100-SERVICIOS PERSONALES,140,140-PERSONAL CONTRATADO,142,142-CONTRATACIÓN DE PERSONAL DE SALUD,63,63 - CONACYT,99,99-ALCANCE NACIONAL,1000000,1000000-DIRECCION GENERAL DE ADMINISTRACION Y FINANZAS,12,12 - REMUNERACIONES VARIAS,A,ACTIVIDAD,49920000,49920000,0,0,0,0,7,2025,2025-07-25
2025,12,12,12-PODER EJECUTIVO,8,008-MINISTERIO DE SALUD PÚBLICA Y BIENESTAR SOCIAL,51,51 - VICEMINISTERIO DE RECTORIA Y VIGILANCIA DE LA SALUD,2,2-PROGRAMAS SUSTANTIVOS,3,003 - SERVICIOS DE APOYO Y DIAGNOSTICO P/ LA MEJORA EN LA ATENCIÓN,0,  0 - *,3,003-SERVICIOS LABORATORIALES,300,300 - SERVICIOS SOCIALES,310,310 - SALUD,319,319-SALUD SIN DISCRIMINAR,,,,10,10-RECURSOS DEL TESORO,100,100-SERVICIOS PERSONALES,140,140-PERSONAL CONTRATADO,145,145-HONORARIOS PROFESIONALES,1,1 - GENUINO,99,99-ALCANCE NACIONAL,1000000,1000000-DIRECCION GENERAL DE ADMINISTRACION Y FINANZAS,12,12 - REMUNERACIONES VARIAS,A,ACTIVIDAD,243469200,243469200,32969200,0,0,0,7,2025,2025-07-25
2025,12,12,12-PODER EJECUTIVO,8,008-MINISTERIO DE SALUD PÚBLICA Y BIENESTAR SOCIAL,41,41 - DIRECCIÓN GRAL. DE DES. DE LOS SERV.DE SALUD,2,2-PROGRAMAS SUSTANTIVOS,3,003 - SERVICIOS DE APOYO Y DIAGNOSTICO P/ LA MEJORA EN LA ATENCIÓN,0,  0 - *,1,"001-OBTENCIÓN, PRODUCCIÓN Y SUMINISTROS DE SANGRE",300,300 - SERVICIOS SOCIALES,310,310 - SALUD,319,319-SALUD SIN DISCRIMINAR,,,,10,10-RECURSOS DEL TESORO,100,100-SERVICIOS PERSONALES,130,130-ASIGNACIONES COMPLEMENTARIAS,133,133-BONIFICACIONES,1,1 - GENUINO,99,99-ALCANCE NACIONAL,1000000,1000000-DIRECCION GENERAL DE ADMINISTRACION Y FINANZAS,19,19 - OTROS SERVICIOS PERSONALES,A,ACTIVIDAD,687466659,687466659,86566239,0,0,0,7,2025,2025-07-25
2025,12,12,12-PODER EJECUTIVO,8,008-MINISTERIO DE SALUD PÚBLICA Y BIENESTAR SOCIAL,41,41 - DIRECCIÓN GRAL. DE DES. DE LOS SERV.DE SALUD,2,2-PROGRAMAS SUSTANTIVOS,3,003 - SERVICIOS DE APOYO Y DIAGNOSTICO P/ LA MEJORA EN LA ATENCIÓN,0,  0 - *,1,"001-OBTENCIÓN, PRODUCCIÓN Y SUMINISTROS DE SANGRE",300,300 - SERVICIOS SOCIALES,310,310 - SALUD,319,319-SALUD SIN DISCRIMINAR,,,,10,10-RECURSOS DEL TESORO,100,100-SERVICIOS PERSONALES,110,110-REMUNERACIONES BÁSICAS,111,111-SUELDOS,1,1 - GENUINO,99,99-ALCANCE NACIONAL,1000000,1000000-DIRECCION GENERAL DE ADMINISTRACION Y FINANZAS,11,11 - REMUNERACIONES BÁSICAS,A,ACTIVIDAD,1319856000,1319856000,109988000,0,0,0,7,2025,2025-07-25
2025,12,12,12-PODER EJECUTIVO,8,008-MINISTERIO DE SALUD PÚBLICA Y BIENESTAR SOCIAL,41,41 - DIRECCIÓN GRAL. DE DES. DE LOS SERV.DE SALUD,2,2-PROGRAMAS SUSTANTIVOS,3,003 - SERVICIOS DE APOYO Y DIAGNOSTICO P/ LA MEJORA EN LA ATENCIÓN,0,  0 - *,1,"001-OBTENCIÓN, PRODUCCIÓN Y SUMINISTROS DE SANGRE",300,300 - SERVICIOS SOCIALES,310,310 - SALUD,319,319-SALUD SIN DISCRIMINAR,,,,10,10-RECURSOS DEL TESORO,100,100-SERVICIOS PERSONALES,110,110-REMUNERACIONES BÁSICAS,113,113-GASTOS DE REPRESENTACIÓN,1,1 - GENUINO,99,99-ALCANCE NACIONAL,1000000,1000000-DIRECCION GENERAL DE ADMINISTRACION Y FINANZAS,11,11 - REMUNERACIONES BÁSICAS,A,ACTIVIDAD,38738400,38738400,3228200,0,0,0,7,2025,2025-07-25
2025,12,12,12-PODER EJECUTIVO,8,008-MINISTERIO DE SALUD PÚBLICA Y BIENESTAR SOCIAL,41,41 - DIRECCIÓN GRAL. DE DES. DE LOS SERV.DE SALUD,2,2-PROGRAMAS SUSTANTIVOS,3,003 - SERVICIOS DE APOYO Y DIAGNOSTICO P/ LA MEJORA EN LA ATENCIÓN,0,  0 - *,1,"001-OBTENCIÓN, PRODUCCIÓN Y SUMINISTROS DE SANGRE",300,300 - SERVICIOS SOCIALES,310,310 - SALUD,319,319-SALUD SIN DISCRIMINAR,,,,10,10-RECURSOS DEL TESORO,100,100-SERVICIOS PERSONALES,110,110-REMUNERACIONES BÁSICAS,114,114-AGUINALDO,1,1 - GENUINO,99,99-ALCANCE NACIONAL,1000000,1000000-DIRECCION GENERAL DE ADMINISTRACION Y FINANZAS,11,11 - REMUNERACIONES BÁSICAS,A,ACTIVIDAD,113216200,113216200,113216200,0,0,0,7,2025,2025-07-25
2025,12,12,12-PODER EJECUTIVO,8,008-MINISTERIO DE SALUD PÚBLICA Y BIENESTAR SOCIAL,41,41 - DIRECCIÓN GRAL. DE DES. DE LOS SERV.DE SALUD,2,2-PROGRAMAS SUSTANTIVOS,3,003 - SERVICIOS DE APOYO Y DIAGNOSTICO P/ LA MEJORA EN LA ATENCIÓN,0,  0 - *,1,"001-OBTENCIÓN, PRODUCCIÓN Y SUMINISTROS DE SANGRE",300,300 - SERVICIOS SOCIALES,310,310 - SALUD,319,319-SALUD SIN DISCRIMINAR,,,,10,10-RECURSOS DEL TESORO,100,100-SERVICIOS PERSONALES,140,140-PERSONAL CONTRATADO,142,142-CONTRATACIÓN DE PERSONAL DE SALUD,1,1 - GENUINO,99,99-ALCANCE NACIONAL,1000000,1000000-DIRECCION GENERAL DE ADMINISTRACION Y FINANZAS,12,12 - REMUNERACIONES VARIAS,A,ACTIVIDAD,1656158400,1656158400,4561600,0,0,0,7,2025,2025-07-25
2025,12,12,12-PODER EJECUTIVO,8,008-MINISTERIO DE SALUD PÚBLICA Y BIENESTAR SOCIAL,41,41 - DIRECCIÓN GRAL. DE DES. DE LOS SERV.DE SALUD,2,2-PROGRAMAS SUSTANTIVOS,3,003 - SERVICIOS DE APOYO Y DIAGNOSTICO P/ LA MEJORA EN LA ATENCIÓN,0,  0 - *,1,"001-OBTENCIÓN, PRODUCCIÓN Y SUMINISTROS DE SANGRE",300,300 - SERVICIOS SOCIALES,310,310 - SALUD,319,319-SALUD SIN DISCRIMINAR,,,,10,10-RECURSOS DEL TESORO,100,100-SERVICIOS PERSONALES,140,140-PERSONAL CONTRATADO,145,145-HONORARIOS PROFESIONALES,1,1 - GENUINO,99,99-ALCANCE NACIONAL,1000000,1000000-DIRECCION GENERAL DE ADMINISTRACION Y FINANZAS,12,12 - REMUNERACIONES VARIAS,A,ACTIVIDAD,52000000,52000000,3934400,0,0,0,7,2025,2025-07-25
2025,12,12,12-PODER EJECUTIVO,8,008-MINISTERIO DE SALUD PÚBLICA Y BIENESTAR SOCIAL,43,43 - DIR. GRAL DE VIGILANCIA DE LA SALUD,2,2-PROGRAMAS SUSTANTIVOS,3,003 - SERVICIOS DE APOYO Y DIAGNOSTICO P/ LA MEJORA EN LA ATENCIÓN,0,  0 - *,4,004-GESTIONES INTEGRADAS PARA LA PROVISIÓN DE BIOLÓGICOS,300,300 - SERVICIOS SOCIALES,310,310 - SALUD,319,319-SALUD SIN DISCRIMINAR,,,,10,10-RECURSOS DEL TESORO,100,100-SERVICIOS PERSONALES,110,110-REMUNERACIONES BÁSICAS,114,114-AGUINALDO,1,1 - GENUINO,99,99-ALCANCE NACIONAL,1000000,1000000-DIRECCION GENERAL DE ADMINISTRACION Y FINANZAS,11,11 - REMUNERACIONES BÁSICAS,A,ACTIVIDAD,109928200,109928200,109928200,0,0,0,7,2025,2025-07-25
2025,12,12,12-PODER EJECUTIVO,8,008-MINISTERIO DE SALUD PÚBLICA Y BIENESTAR SOCIAL,41,41 - DIRECCIÓN GRAL. DE DES. DE LOS SERV.DE SALUD,2,2-PROGRAMAS SUSTANTIVOS,3,003 - SERVICIOS DE APOYO Y DIAGNOSTICO P/ LA MEJORA EN LA ATENCIÓN,0,  0 - *,1,"001-OBTENCIÓN, PRODUCCIÓN Y SUMINISTROS DE SANGRE",300,300 - SERVICIOS SOCIALES,310,310 - SALUD,319,319-SALUD SIN DISCRIMINAR,,,,10,10-RECURSOS DEL TESORO,100,100-SERVICIOS PERSONALES,140,140-PERSONAL CONTRATADO,144,144-JORNALES,1,1 - GENUINO,99,99-ALCANCE NACIONAL,1000000,1000000-DIRECCION GENERAL DE ADMINISTRACION Y FINANZAS,12,12 - REMUNERACIONES VARIAS,A,ACTIVIDAD,441162800,441162800,162800,0,0,0,7,2025,2025-07-25
2025,12,12,12-PODER EJECUTIVO,8,008-MINISTERIO DE SALUD PÚBLICA Y BIENESTAR SOCIAL,51,51 - VICEMINISTERIO DE RECTORIA Y VIGILANCIA DE LA SALUD,2,2-PROGRAMAS SUSTANTIVOS,3,003 - SERVICIOS DE APOYO Y DIAGNOSTICO P/ LA MEJORA EN LA ATENCIÓN,0,  0 - *,3,003-SERVICIOS LABORATORIALES,300,300 - SERVICIOS SOCIALES,310,310 - SALUD,319,319-SALUD SIN DISCRIMINAR,,,,30,30-RECURSOS INSTITUCIONALES,100,100-SERVICIOS PERSONALES,140,140-PERSONAL CONTRATADO,141,141-CONTRATACIÓN DE PERSONAL TÉCNICO,63,63 - CONACYT,99,99-ALCANCE NACIONAL,1000000,1000000-DIRECCION GENERAL DE ADMINISTRACION Y FINANZAS,12,12 - REMUNERACIONES VARIAS,A,ACTIVIDAD,0,6987500,537500,0,0,0,7,2025,2025-07-25
2025,12,12,12-PODER EJECUTIVO,8,008-MINISTERIO DE SALUD PÚBLICA Y BIENESTAR SOCIAL,51,51 - VICEMINISTERIO DE RECTORIA Y VIGILANCIA DE LA SALUD,2,2-PROGRAMAS SUSTANTIVOS,3,003 - SERVICIOS DE APOYO Y DIAGNOSTICO P/ LA MEJORA EN LA ATENCIÓN,0,  0 - *,3,003-SERVICIOS LABORATORIALES,300,300 - SERVICIOS SOCIALES,310,310 - SALUD,319,319-SALUD SIN DISCRIMINAR,,,,30,30-RECURSOS INSTITUCIONALES,100,100-SERVICIOS PERSONALES,140,140-PERSONAL CONTRATADO,145,145-HONORARIOS PROFESIONALES,63,63 - CONACYT,99,99-ALCANCE NACIONAL,1000000,1000000-DIRECCION GENERAL DE ADMINISTRACION Y FINANZAS,12,12 - REMUNERACIONES VARIAS,A,ACTIVIDAD,0,14625000,1125000,0,0,0,7,2025,2025-07-25
2025,12,12,12-PODER EJECUTIVO,8,008-MINISTERIO DE SALUD PÚBLICA Y BIENESTAR SOCIAL,43,43 - DIR. GRAL DE VIGILANCIA DE LA SALUD,2,2-PROGRAMAS SUSTANTIVOS,3,003 - SERVICIOS DE APOYO Y DIAGNOSTICO P/ LA MEJORA EN LA ATENCIÓN,0,  0 - *,4,004-GESTIONES INTEGRADAS PARA LA PROVISIÓN DE BIOLÓGICOS,300,300 - SERVICIOS SOCIALES,310,310 - SALUD,319,319-SALUD SIN DISCRIMINAR,,,,10,10-RECURSOS DEL TESORO,100,100-SERVICIOS PERSONALES,140,140-PERSONAL CONTRATADO,145,145-HONORARIOS PROFESIONALES,1,1 - GENUINO,99,99-ALCANCE NACIONAL,1000000,1000000-DIRECCION GENERAL DE ADMINISTRACION Y FINANZAS,12,12 - REMUNERACIONES VARIAS,A,ACTIVIDAD,0,39600000,0,0,0,0,7,2025,2025-07-25
2025,12,12,12-PODER EJECUTIVO,8,008-MINISTERIO DE SALUD PÚBLICA Y BIENESTAR SOCIAL,43,43 - DIR. GRAL DE VIGILANCIA DE LA SALUD,2,2-PROGRAMAS SUSTANTIVOS,3,003 - SERVICIOS DE APOYO Y DIAGNOSTICO P/ LA MEJORA EN LA ATENCIÓN,0,  0 - *,4,004-GESTIONES INTEGRADAS PARA LA PROVISIÓN DE BIOLÓGICOS,300,300 - SERVICIOS SOCIALES,310,310 - SALUD,319,319-SALUD SIN DISCRIMINAR,,,,10,10-RECURSOS DEL TESORO,100,100-SERVICIOS PERSONALES,110,110-REMUNERACIONES BÁSICAS,111,111-SUELDOS,1,1 - GENUINO,99,99-ALCANCE NACIONAL,1000000,1000000-DIRECCION GENERAL DE ADMINISTRACION Y FINANZAS,11,11 - REMUNERACIONES BÁSICAS,A,ACTIVIDAD,1280400000,1280400000,106700000,0,0,0,7,2025,2025-07-25
2025,12,12,12-PODER EJECUTIVO,8,008-MINISTERIO DE SALUD PÚBLICA Y BIENESTAR SOCIAL,43,43 - DIR. GRAL DE VIGILANCIA DE LA SALUD,2,2-PROGRAMAS SUSTANTIVOS,3,003 - SERVICIOS DE APOYO Y DIAGNOSTICO P/ LA MEJORA EN LA ATENCIÓN,0,  0 - *,4,004-GESTIONES INTEGRADAS PARA LA PROVISIÓN DE BIOLÓGICOS,300,300 - SERVICIOS SOCIALES,310,310 - SALUD,319,319-SALUD SIN DISCRIMINAR,,,,10,10-RECURSOS DEL TESORO,100,100-SERVICIOS PERSONALES,120,120-REMUNERACIONES TEMPORALES,123,123-REMUNERACIÓN EXTRAORDINARIA,1,1 - GENUINO,99,99-ALCANCE NACIONAL,1000000,1000000-DIRECCION GENERAL DE ADMINISTRACION Y FINANZAS,12,12 - REMUNERACIONES VARIAS,A,ACTIVIDAD,271537746,271537746,1537746,0,0,0,7,2025,2025-07-25
2025,12,12,12-PODER EJECUTIVO,8,008-MINISTERIO DE SALUD PÚBLICA Y BIENESTAR SOCIAL,43,43 - DIR. GRAL DE VIGILANCIA DE LA SALUD,2,2-PROGRAMAS SUSTANTIVOS,3,003 - SERVICIOS DE APOYO Y DIAGNOSTICO P/ LA MEJORA EN LA ATENCIÓN,0,  0 - *,4,004-GESTIONES INTEGRADAS PARA LA PROVISIÓN DE BIOLÓGICOS,300,300 - SERVICIOS SOCIALES,310,310 - SALUD,319,319-SALUD SIN DISCRIMINAR,,,,10,10-RECURSOS DEL TESORO,100,100-SERVICIOS PERSONALES,130,130-ASIGNACIONES COMPLEMENTARIAS,133,133-BONIFICACIONES,1,1 - GENUINO,99,99-ALCANCE NACIONAL,1000000,1000000-DIRECCION GENERAL DE ADMINISTRACION Y FINANZAS,19,19 - OTROS SERVICIOS PERSONALES,A,ACTIVIDAD,830604580,830604580,114504580,0,0,0,7,2025,2025-07-25
2025,12,12,12-PODER EJECUTIVO,8,008-MINISTERIO DE SALUD PÚBLICA Y BIENESTAR SOCIAL,43,43 - DIR. GRAL DE VIGILANCIA DE LA SALUD,2,2-PROGRAMAS SUSTANTIVOS,3,003 - SERVICIOS DE APOYO Y DIAGNOSTICO P/ LA MEJORA EN LA ATENCIÓN,0,  0 - *,4,004-GESTIONES INTEGRADAS PARA LA PROVISIÓN DE BIOLÓGICOS,300,300 - SERVICIOS SOCIALES,310,310 - SALUD,319,319-SALUD SIN DISCRIMINAR,,,,10,10-RECURSOS DEL TESORO,100,100-SERVICIOS PERSONALES,140,140-PERSONAL CONTRATADO,142,142-CONTRATACIÓN DE PERSONAL DE SALUD,1,1 - GENUINO,99,99-ALCANCE NACIONAL,1000000,1000000-DIRECCION GENERAL DE ADMINISTRACION Y FINANZAS,12,12 - REMUNERACIONES VARIAS,A,ACTIVIDAD,2025493600,2025493600,4686400,0,0,0,7,2025,2025-07-25
2025,12,12,12-PODER EJECUTIVO,8,008-MINISTERIO DE SALUD PÚBLICA Y BIENESTAR SOCIAL,43,43 - DIR. GRAL DE VIGILANCIA DE LA SALUD,2,2-PROGRAMAS SUSTANTIVOS,3,003 - SERVICIOS DE APOYO Y DIAGNOSTICO P/ LA MEJORA EN LA ATENCIÓN,0,  0 - *,4,004-GESTIONES INTEGRADAS PARA LA PROVISIÓN DE BIOLÓGICOS,300,300 - SERVICIOS SOCIALES,310,310 - SALUD,319,319-SALUD SIN DISCRIMINAR,,,,10,10-RECURSOS DEL TESORO,100,100-SERVICIOS PERSONALES,110,110-REMUNERACIONES BÁSICAS,113,113-GASTOS DE REPRESENTACIÓN,1,1 - GENUINO,99,99-ALCANCE NACIONAL,1000000,1000000-DIRECCION GENERAL DE ADMINISTRACION Y FINANZAS,11,11 - REMUNERACIONES BÁSICAS,A,ACTIVIDAD,38738400,38738400,3228200,0,0,0,7,2025,2025-07-25
2025,12,12,12-PODER EJECUTIVO,8,008-MINISTERIO DE SALUD PÚBLICA Y BIENESTAR SOCIAL,43,43 - DIR. GRAL DE VIGILANCIA DE LA SALUD,2,2-PROGRAMAS SUSTANTIVOS,3,003 - SERVICIOS DE APOYO Y DIAGNOSTICO P/ LA MEJORA EN LA ATENCIÓN,0,  0 - *,4,004-GESTIONES INTEGRADAS PARA LA PROVISIÓN DE BIOLÓGICOS,300,300 - SERVICIOS SOCIALES,310,310 - SALUD,319,319-SALUD SIN DISCRIMINAR,,,,10,10-RECURSOS DEL TESORO,100,100-SERVICIOS PERSONALES,140,140-PERSONAL CONTRATADO,144,144-JORNALES,1,1 - GENUINO,99,99-ALCANCE NACIONAL,1000000,1000000-DIRECCION GENERAL DE ADMINISTRACION Y FINANZAS,12,12 - REMUNERACIONES VARIAS,A,ACTIVIDAD,1039081459,999481459,1081459,0,0,0,7,2025,2025-07-25
2025,12,12,12-PODER EJECUTIVO,8,008-MINISTERIO DE SALUD PÚBLICA Y BIENESTAR SOCIAL,43,43 - DIR. GRAL DE VIGILANCIA DE LA SALUD,2,2-PROGRAMAS SUSTANTIVOS,3,003 - SERVICIOS DE APOYO Y DIAGNOSTICO P/ LA MEJORA EN LA ATENCIÓN,0,  0 - *,4,004-GESTIONES INTEGRADAS PARA LA PROVISIÓN DE BIOLÓGICOS,300,300 - SERVICIOS SOCIALES,310,310 - SALUD,319,319-SALUD SIN DISCRIMINAR,,,,10,10-RECURSOS DEL TESORO,100,100-SERVICIOS PERSONALES,110,110-REMUNERACIONES BÁSICAS,113,113-GASTOS DE REPRESENTACIÓN,1,1 - GENUINO,99,99-ALCANCE NACIONAL,1000000,1000000-DIRECCION GENERAL DE ADMINISTRACION Y FINANZAS,11,11 - REMUNERACIONES BÁSICAS,A,ACTIVIDAD,38738400,38738400,3228200,3228200,0,27116880,2,2026,2026-02-24
2025,12,12,12-PODER EJECUTIVO,8,008-MINISTERIO DE SALUD PÚBLICA Y BIENESTAR SOCIAL,43,43 - DIR. GRAL DE VIGILANCIA DE LA SALUD,2,2-PROGRAMAS SUSTANTIVOS,3,003 - SERVICIOS DE APOYO Y DIAGNOSTICO P/ LA MEJORA EN LA ATENCIÓN,0,  0 - *,4,004-GESTIONES INTEGRADAS PARA LA PROVISIÓN DE BIOLÓGICOS,300,300 - SERVICIOS SOCIALES,310,310 - SALUD,319,319-SALUD SIN DISCRIMINAR,,,,10,10-RECURSOS DEL TESORO,100,100-SERVICIOS PERSONALES,140,140-PERSONAL CONTRATADO,145,145-HONORARIOS PROFESIONALES,1,1 - GENUINO,99,99-ALCANCE NACIONAL,1000000,1000000-DIRECCION GENERAL DE ADMINISTRACION Y FINANZAS,12,12 - REMUNERACIONES VARIAS,A,ACTIVIDAD,0,63882000,6845002,6813333,0,24250331,2,2026,2026-02-24
2025,12,12,12-PODER EJECUTIVO,8,008-MINISTERIO DE SALUD PÚBLICA Y BIENESTAR SOCIAL,43,43 - DIR. GRAL DE VIGILANCIA DE LA SALUD,2,2-PROGRAMAS SUSTANTIVOS,3,003 - SERVICIOS DE APOYO Y DIAGNOSTICO P/ LA MEJORA EN LA ATENCIÓN,0,  0 - *,4,004-GESTIONES INTEGRADAS PARA LA PROVISIÓN DE BIOLÓGICOS,300,300 - SERVICIOS SOCIALES,310,310 - SALUD,319,319-SALUD SIN DISCRIMINAR,,,,10,10-RECURSOS DEL TESORO,100,100-SERVICIOS PERSONALES,110,110-REMUNERACIONES BÁSICAS,111,111-SUELDOS,1,1 - GENUINO,99,99-ALCANCE NACIONAL,1000000,1000000-DIRECCION GENERAL DE ADMINISTRACION Y FINANZAS,11,11 - REMUNERACIONES BÁSICAS,A,ACTIVIDAD,1280400000,1276080000,222800000,86720000,0,624418425,2,2026,2026-02-24
2025,12,12,12-PODER EJECUTIVO,8,008-MINISTERIO DE SALUD PÚBLICA Y BIENESTAR SOCIAL,43,43 - DIR. GRAL DE VIGILANCIA DE LA SALUD,2,2-PROGRAMAS SUSTANTIVOS,3,003 - SERVICIOS DE APOYO Y DIAGNOSTICO P/ LA MEJORA EN LA ATENCIÓN,0,  0 - *,4,004-GESTIONES INTEGRADAS PARA LA PROVISIÓN DE BIOLÓGICOS,300,300 - SERVICIOS SOCIALES,310,310 - SALUD,319,319-SALUD SIN DISCRIMINAR,,,,10,10-RECURSOS DEL TESORO,100,100-SERVICIOS PERSONALES,120,120-REMUNERACIONES TEMPORALES,123,123-REMUNERACIÓN EXTRAORDINARIA,1,1 - GENUINO,99,99-ALCANCE NACIONAL,1000000,1000000-DIRECCION GENERAL DE ADMINISTRACION Y FINANZAS,12,12 - REMUNERACIONES VARIAS,A,ACTIVIDAD,271537746,284837746,82106387,61022766,0,211820856,2,2026,2026-02-24
2025,12,12,12-PODER EJECUTIVO,8,008-MINISTERIO DE SALUD PÚBLICA Y BIENESTAR SOCIAL,43,43 - DIR. GRAL DE VIGILANCIA DE LA SALUD,2,2-PROGRAMAS SUSTANTIVOS,3,003 - SERVICIOS DE APOYO Y DIAGNOSTICO P/ LA MEJORA EN LA ATENCIÓN,0,  0 - *,4,004-GESTIONES INTEGRADAS PARA LA PROVISIÓN DE BIOLÓGICOS,300,300 - SERVICIOS SOCIALES,310,310 - SALUD,319,319-SALUD SIN DISCRIMINAR,,,,10,10-RECURSOS DEL TESORO,100,100-SERVICIOS PERSONALES,130,130-ASIGNACIONES COMPLEMENTARIAS,133,133-BONIFICACIONES,1,1 - GENUINO,99,99-ALCANCE NACIONAL,1000000,1000000-DIRECCION GENERAL DE ADMINISTRACION Y FINANZAS,19,19 - OTROS SERVICIOS PERSONALES,A,ACTIVIDAD,830604580,806322580,132738173,120369136,0,570870873,2,2026,2026-02-24
2025,12,12,12-PODER EJECUTIVO,8,008-MINISTERIO DE SALUD PÚBLICA Y BIENESTAR SOCIAL,41,41 - DIRECCIÓN GRAL. DE DES. DE LOS SERV.DE SALUD,2,2-PROGRAMAS SUSTANTIVOS,3,003 - SERVICIOS DE APOYO Y DIAGNOSTICO P/ LA MEJORA EN LA ATENCIÓN,0,  0 - *,1,"001-OBTENCIÓN, PRODUCCIÓN Y SUMINISTROS DE SANGRE",300,300 - SERVICIOS SOCIALES,310,310 - SALUD,319,319-SALUD SIN DISCRIMINAR,,,,10,10-RECURSOS DEL TESORO,100,100-SERVICIOS PERSONALES,110,110-REMUNERACIONES BÁSICAS,111,111-SUELDOS,1,1 - GENUINO,99,99-ALCANCE NACIONAL,1000000,1000000-DIRECCION GENERAL DE ADMINISTRACION Y FINANZAS,11,11 - REMUNERACIONES BÁSICAS,A,ACTIVIDAD,1319856000,1319856000,119060000,106964000,0,831957693,2,2026,2026-02-24
2025,12,12,12-PODER EJECUTIVO,8,008-MINISTERIO DE SALUD PÚBLICA Y BIENESTAR SOCIAL,41,41 - DIRECCIÓN GRAL. DE DES. DE LOS SERV.DE SALUD,2,2-PROGRAMAS SUSTANTIVOS,3,003 - SERVICIOS DE APOYO Y DIAGNOSTICO P/ LA MEJORA EN LA ATENCIÓN,0,  0 - *,1,"001-OBTENCIÓN, PRODUCCIÓN Y SUMINISTROS DE SANGRE",300,300 - SERVICIOS SOCIALES,310,310 - SALUD,319,319-SALUD SIN DISCRIMINAR,,,,10,10-RECURSOS DEL TESORO,100,100-SERVICIOS PERSONALES,130,130-ASIGNACIONES COMPLEMENTARIAS,133,133-BONIFICACIONES,1,1 - GENUINO,99,99-ALCANCE NACIONAL,1000000,1000000-DIRECCION GENERAL DE ADMINISTRACION Y FINANZAS,19,19 - OTROS SERVICIOS PERSONALES,A,ACTIVIDAD,687466659,679411859,130479640,98637558,0,466090491,2,2026,2026-02-24
2025,12,12,12-PODER EJECUTIVO,8,008-MINISTERIO DE SALUD PÚBLICA Y BIENESTAR SOCIAL,41,41 - DIRECCIÓN GRAL. DE DES. DE LOS SERV.DE SALUD,2,2-PROGRAMAS SUSTANTIVOS,3,003 - SERVICIOS DE APOYO Y DIAGNOSTICO P/ LA MEJORA EN LA ATENCIÓN,0,  0 - *,1,"001-OBTENCIÓN, PRODUCCIÓN Y SUMINISTROS DE SANGRE",300,300 - SERVICIOS SOCIALES,310,310 - SALUD,319,319-SALUD SIN DISCRIMINAR,,,,10,10-RECURSOS DEL TESORO,100,100-SERVICIOS PERSONALES,140,140-PERSONAL CONTRATADO,142,142-CONTRATACIÓN DE PERSONAL DE SALUD,1,1 - GENUINO,99,99-ALCANCE NACIONAL,1000000,1000000-DIRECCION GENERAL DE ADMINISTRACION Y FINANZAS,12,12 - REMUNERACIONES VARIAS,A,ACTIVIDAD,1656158400,1692158400,6002164,800800,0,800800,2,2026,2026-02-24
2025,12,12,12-PODER EJECUTIVO,8,008-MINISTERIO DE SALUD PÚBLICA Y BIENESTAR SOCIAL,41,41 - DIRECCIÓN GRAL. DE DES. DE LOS SERV.DE SALUD,2,2-PROGRAMAS SUSTANTIVOS,3,003 - SERVICIOS DE APOYO Y DIAGNOSTICO P/ LA MEJORA EN LA ATENCIÓN,0,  0 - *,1,"001-OBTENCIÓN, PRODUCCIÓN Y SUMINISTROS DE SANGRE",300,300 - SERVICIOS SOCIALES,310,310 - SALUD,319,319-SALUD SIN DISCRIMINAR,,,,10,10-RECURSOS DEL TESORO,100,100-SERVICIOS PERSONALES,140,140-PERSONAL CONTRATADO,145,145-HONORARIOS PROFESIONALES,1,1 - GENUINO,99,99-ALCANCE NACIONAL,1000000,1000000-DIRECCION GENERAL DE ADMINISTRACION Y FINANZAS,12,12 - REMUNERACIONES VARIAS,A,ACTIVIDAD,52000000,60054800,9489200,9489199,0,13489199,2,2026,2026-02-24
2025,12,12,12-PODER EJECUTIVO,8,008-MINISTERIO DE SALUD PÚBLICA Y BIENESTAR SOCIAL,51,51 - VICEMINISTERIO DE RECTORIA Y VIGILANCIA DE LA SALUD,2,2-PROGRAMAS SUSTANTIVOS,3,003 - SERVICIOS DE APOYO Y DIAGNOSTICO P/ LA MEJORA EN LA ATENCIÓN,0,  0 - *,3,003-SERVICIOS LABORATORIALES,300,300 - SERVICIOS SOCIALES,310,310 - SALUD,319,319-SALUD SIN DISCRIMINAR,,,,30,30-RECURSOS INSTITUCIONALES,100,100-SERVICIOS PERSONALES,140,140-PERSONAL CONTRATADO,144,144-JORNALES,63,63 - CONACYT,99,99-ALCANCE NACIONAL,1000000,1000000-DIRECCION GENERAL DE ADMINISTRACION Y FINANZAS,12,12 - REMUNERACIONES VARIAS,A,ACTIVIDAD,0,13275000,4155000,1900000,0,1900000,2,2026,2026-02-24
2025,12,12,12-PODER EJECUTIVO,8,008-MINISTERIO DE SALUD PÚBLICA Y BIENESTAR SOCIAL,43,43 - DIR. GRAL DE VIGILANCIA DE LA SALUD,2,2-PROGRAMAS SUSTANTIVOS,3,003 - SERVICIOS DE APOYO Y DIAGNOSTICO P/ LA MEJORA EN LA ATENCIÓN,0,  0 - *,4,004-GESTIONES INTEGRADAS PARA LA PROVISIÓN DE BIOLÓGICOS,300,300 - SERVICIOS SOCIALES,310,310 - SALUD,319,319-SALUD SIN DISCRIMINAR,,,,10,10-RECURSOS DEL TESORO,100,100-SERVICIOS PERSONALES,140,140-PERSONAL CONTRATADO,144,144-JORNALES,1,1 - GENUINO,99,99-ALCANCE NACIONAL,1000000,1000000-DIRECCION GENERAL DE ADMINISTRACION Y FINANZAS,12,12 - REMUNERACIONES VARIAS,A,ACTIVIDAD,1039081459,979481459,172329829,149285345,0,499078810,2,2026,2026-02-24
2025,12,12,12-PODER EJECUTIVO,8,008-MINISTERIO DE SALUD PÚBLICA Y BIENESTAR SOCIAL,41,41 - DIRECCIÓN GRAL. DE DES. DE LOS SERV.DE SALUD,2,2-PROGRAMAS SUSTANTIVOS,3,003 - SERVICIOS DE APOYO Y DIAGNOSTICO P/ LA MEJORA EN LA ATENCIÓN,0,  0 - *,1,"001-OBTENCIÓN, PRODUCCIÓN Y SUMINISTROS DE SANGRE",300,300 - SERVICIOS SOCIALES,310,310 - SALUD,319,319-SALUD SIN DISCRIMINAR,,,,10,10-RECURSOS DEL TESORO,100,100-SERVICIOS PERSONALES,140,140-PERSONAL CONTRATADO,144,144-JORNALES,1,1 - GENUINO,99,99-ALCANCE NACIONAL,1000000,1000000-DIRECCION GENERAL DE ADMINISTRACION Y FINANZAS,12,12 - REMUNERACIONES VARIAS,A,ACTIVIDAD,441162800,478212800,73571200,73571200,0,74678353,2,2026,2026-02-24
2025,12,12,12-PODER EJECUTIVO,8,008-MINISTERIO DE SALUD PÚBLICA Y BIENESTAR SOCIAL,43,43 - DIR. GRAL DE VIGILANCIA DE LA SALUD,2,2-PROGRAMAS SUSTANTIVOS,3,003 - SERVICIOS DE APOYO Y DIAGNOSTICO P/ LA MEJORA EN LA ATENCIÓN,0,  0 - *,4,004-GESTIONES INTEGRADAS PARA LA PROVISIÓN DE BIOLÓGICOS,300,300 - SERVICIOS SOCIALES,310,310 - SALUD,319,319-SALUD SIN DISCRIMINAR,,,,10,10-RECURSOS DEL TESORO,100,100-SERVICIOS PERSONALES,110,110-REMUNERACIONES BÁSICAS,114,114-AGUINALDO,1,1 - GENUINO,99,99-ALCANCE NACIONAL,1000000,1000000-DIRECCION GENERAL DE ADMINISTRACION Y FINANZAS,11,11 - REMUNERACIONES BÁSICAS,A,ACTIVIDAD,109928200,109568200,109568200,98228200,0,98228200,2,2026,2026-02-24
2025,12,12,12-PODER EJECUTIVO,8,008-MINISTERIO DE SALUD PÚBLICA Y BIENESTAR SOCIAL,43,43 - DIR. GRAL DE VIGILANCIA DE LA SALUD,2,2-PROGRAMAS SUSTANTIVOS,3,003 - SERVICIOS DE APOYO Y DIAGNOSTICO P/ LA MEJORA EN LA ATENCIÓN,0,  0 - *,4,004-GESTIONES INTEGRADAS PARA LA PROVISIÓN DE BIOLÓGICOS,300,300 - SERVICIOS SOCIALES,310,310 - SALUD,319,319-SALUD SIN DISCRIMINAR,,,,10,10-RECURSOS DEL TESORO,100,100-SERVICIOS PERSONALES,140,140-PERSONAL CONTRATADO,142,142-CONTRATACIÓN DE PERSONAL DE SALUD,1,1 - GENUINO,99,99-ALCANCE NACIONAL,1000000,1000000-DIRECCION GENERAL DE ADMINISTRACION Y FINANZAS,12,12 - REMUNERACIONES VARIAS,A,ACTIVIDAD,2025493600,2211693600,186336067,185712499,0,188869352,2,2026,2026-02-24
2025,12,12,12-PODER EJECUTIVO,8,008-MINISTERIO DE SALUD PÚBLICA Y BIENESTAR SOCIAL,51,51 - VICEMINISTERIO DE RECTORIA Y VIGILANCIA DE LA SALUD,2,2-PROGRAMAS SUSTANTIVOS,3,003 - SERVICIOS DE APOYO Y DIAGNOSTICO P/ LA MEJORA EN LA ATENCIÓN,0,  0 - *,2,002-HABILITACIÓN Y CONTROL DE LABORATORIOS DE ANALISIS CLÍNICOS,300,300 - SERVICIOS SOCIALES,310,310 - SALUD,319,319-SALUD SIN DISCRIMINAR,,,,10,10-RECURSOS DEL TESORO,100,100-SERVICIOS PERSONALES,110,110-REMUNERACIONES BÁSICAS,111,111-SUELDOS,1,1 - GENUINO,99,99-ALCANCE NACIONAL,1000000,1000000-DIRECCION GENERAL DE ADMINISTRACION Y FINANZAS,11,11 - REMUNERACIONES BÁSICAS,A,ACTIVIDAD,5855448000,5705592000,611978000,456134000,0,3586494911,2,2026,2026-02-24
2025,12,12,12-PODER EJECUTIVO,8,008-MINISTERIO DE SALUD PÚBLICA Y BIENESTAR SOCIAL,51,51 - VICEMINISTERIO DE RECTORIA Y VIGILANCIA DE LA SALUD,2,2-PROGRAMAS SUSTANTIVOS,3,003 - SERVICIOS DE APOYO Y DIAGNOSTICO P/ LA MEJORA EN LA ATENCIÓN,0,  0 - *,2,002-HABILITACIÓN Y CONTROL DE LABORATORIOS DE ANALISIS CLÍNICOS,300,300 - SERVICIOS SOCIALES,310,310 - SALUD,319,319-SALUD SIN DISCRIMINAR,,,,10,10-RECURSOS DEL TESORO,100,100-SERVICIOS PERSONALES,110,110-REMUNERACIONES BÁSICAS,113,113-GASTOS DE REPRESENTACIÓN,1,1 - GENUINO,99,99-ALCANCE NACIONAL,1000000,1000000-DIRECCION GENERAL DE ADMINISTRACION Y FINANZAS,11,11 - REMUNERACIONES BÁSICAS,A,ACTIVIDAD,77476800,77476800,6456400,6456400,0,54233760,2,2026,2026-02-24
2025,12,12,12-PODER EJECUTIVO,8,008-MINISTERIO DE SALUD PÚBLICA Y BIENESTAR SOCIAL,51,51 - VICEMINISTERIO DE RECTORIA Y VIGILANCIA DE LA SALUD,2,2-PROGRAMAS SUSTANTIVOS,3,003 - SERVICIOS DE APOYO Y DIAGNOSTICO P/ LA MEJORA EN LA ATENCIÓN,0,  0 - *,2,002-HABILITACIÓN Y CONTROL DE LABORATORIOS DE ANALISIS CLÍNICOS,300,300 - SERVICIOS SOCIALES,310,310 - SALUD,319,319-SALUD SIN DISCRIMINAR,,,,10,10-RECURSOS DEL TESORO,100,100-SERVICIOS PERSONALES,110,110-REMUNERACIONES BÁSICAS,114,114-AGUINALDO,1,1 - GENUINO,99,99-ALCANCE NACIONAL,1000000,1000000-DIRECCION GENERAL DE ADMINISTRACION Y FINANZAS,11,11 - REMUNERACIONES BÁSICAS,A,ACTIVIDAD,494410400,481922400,481922400,468935400,0,468935400,2,2026,2026-02-24
2025,12,12,12-PODER EJECUTIVO,8,008-MINISTERIO DE SALUD PÚBLICA Y BIENESTAR SOCIAL,41,41 - DIRECCIÓN GRAL. DE DES. DE LOS SERV.DE SALUD,2,2-PROGRAMAS SUSTANTIVOS,3,003 - SERVICIOS DE APOYO Y DIAGNOSTICO P/ LA MEJORA EN LA ATENCIÓN,0,  0 - *,1,"001-OBTENCIÓN, PRODUCCIÓN Y SUMINISTROS DE SANGRE",300,300 - SERVICIOS SOCIALES,310,310 - SALUD,319,319-SALUD SIN DISCRIMINAR,,,,10,10-RECURSOS DEL TESORO,100,100-SERVICIOS PERSONALES,110,110-REMUNERACIONES BÁSICAS,113,113-GASTOS DE REPRESENTACIÓN,1,1 - GENUINO,99,99-ALCANCE NACIONAL,1000000,1000000-DIRECCION GENERAL DE ADMINISTRACION Y FINANZAS,11,11 - REMUNERACIONES BÁSICAS,A,ACTIVIDAD,38738400,38738400,3228200,3228200,0,27116880,2,2026,2026-02-24
2025,12,12,12-PODER EJECUTIVO,8,008-MINISTERIO DE SALUD PÚBLICA Y BIENESTAR SOCIAL,41,41 - DIRECCIÓN GRAL. DE DES. DE LOS SERV.DE SALUD,2,2-PROGRAMAS SUSTANTIVOS,3,003 - SERVICIOS DE APOYO Y DIAGNOSTICO P/ LA MEJORA EN LA ATENCIÓN,0,  0 - *,1,"001-OBTENCIÓN, PRODUCCIÓN Y SUMINISTROS DE SANGRE",300,300 - SERVICIOS SOCIALES,310,310 - SALUD,319,319-SALUD SIN DISCRIMINAR,,,,10,10-RECURSOS DEL TESORO,100,100-SERVICIOS PERSONALES,110,110-REMUNERACIONES BÁSICAS,114,114-AGUINALDO,1,1 - GENUINO,99,99-ALCANCE NACIONAL,1000000,1000000-DIRECCION GENERAL DE ADMINISTRACION Y FINANZAS,11,11 - REMUNERACIONES BÁSICAS,A,ACTIVIDAD,113216200,113216200,113216200,112208200,0,112208200,2,2026,2026-02-24
2025,12,12,12-PODER EJECUTIVO,8,008-MINISTERIO DE SALUD PÚBLICA Y BIENESTAR SOCIAL,51,51 - VICEMINISTERIO DE RECTORIA Y VIGILANCIA DE LA SALUD,2,2-PROGRAMAS SUSTANTIVOS,3,003 - SERVICIOS DE APOYO Y DIAGNOSTICO P/ LA MEJORA EN LA ATENCIÓN,0,  0 - *,3,003-SERVICIOS LABORATORIALES,300,300 - SERVICIOS SOCIALES,310,310 - SALUD,319,319-SALUD SIN DISCRIMINAR,,,,30,30-RECURSOS INSTITUCIONALES,100,100-SERVICIOS PERSONALES,140,140-PERSONAL CONTRATADO,141,141-CONTRATACIÓN DE PERSONAL TÉCNICO,63,63 - CONACYT,99,99-ALCANCE NACIONAL,1000000,1000000-DIRECCION GENERAL DE ADMINISTRACION Y FINANZAS,12,12 - REMUNERACIONES VARIAS,A,ACTIVIDAD,0,6987500,1035500,496000,0,1240000,2,2026,2026-02-24
2025,12,12,12-PODER EJECUTIVO,8,008-MINISTERIO DE SALUD PÚBLICA Y BIENESTAR SOCIAL,51,51 - VICEMINISTERIO DE RECTORIA Y VIGILANCIA DE LA SALUD,2,2-PROGRAMAS SUSTANTIVOS,3,003 - SERVICIOS DE APOYO Y DIAGNOSTICO P/ LA MEJORA EN LA ATENCIÓN,0,  0 - *,3,003-SERVICIOS LABORATORIALES,300,300 - SERVICIOS SOCIALES,310,310 - SALUD,319,319-SALUD SIN DISCRIMINAR,,,,30,30-RECURSOS INSTITUCIONALES,100,100-SERVICIOS PERSONALES,140,140-PERSONAL CONTRATADO,145,145-HONORARIOS PROFESIONALES,63,63 - CONACYT,99,99-ALCANCE NACIONAL,1000000,1000000-DIRECCION GENERAL DE ADMINISTRACION Y FINANZAS,12,12 - REMUNERACIONES VARIAS,A,ACTIVIDAD,0,4200000,4200000,0,0,0,2,2026,2026-02-24
2025,12,12,12-PODER EJECUTIVO,8,008-MINISTERIO DE SALUD PÚBLICA Y BIENESTAR SOCIAL,51,51 - VICEMINISTERIO DE RECTORIA Y VIGILANCIA DE LA SALUD,2,2-PROGRAMAS SUSTANTIVOS,3,003 - SERVICIOS DE APOYO Y DIAGNOSTICO P/ LA MEJORA EN LA ATENCIÓN,0,  0 - *,3,003-SERVICIOS LABORATORIALES,300,300 - SERVICIOS SOCIALES,310,310 - SALUD,319,319-SALUD SIN DISCRIMINAR,,,,10,10-RECURSOS DEL TESORO,100,100-SERVICIOS PERSONALES,130,130-ASIGNACIONES COMPLEMENTARIAS,133,133-BONIFICACIONES,1,1 - GENUINO,99,99-ALCANCE NACIONAL,1000000,1000000-DIRECCION GENERAL DE ADMINISTRACION Y FINANZAS,19,19 - OTROS SERVICIOS PERSONALES,A,ACTIVIDAD,1679464813,1559464813,296573223,231048884,0,1082570676,2,2026,2026-02-24
2025,12,12,12-PODER EJECUTIVO,8,008-MINISTERIO DE SALUD PÚBLICA Y BIENESTAR SOCIAL,51,51 - VICEMINISTERIO DE RECTORIA Y VIGILANCIA DE LA SALUD,2,2-PROGRAMAS SUSTANTIVOS,3,003 - SERVICIOS DE APOYO Y DIAGNOSTICO P/ LA MEJORA EN LA ATENCIÓN,0,  0 - *,3,003-SERVICIOS LABORATORIALES,300,300 - SERVICIOS SOCIALES,310,310 - SALUD,319,319-SALUD SIN DISCRIMINAR,,,,30,30-RECURSOS INSTITUCIONALES,100,100-SERVICIOS PERSONALES,130,130-ASIGNACIONES COMPLEMENTARIAS,133,133-BONIFICACIONES,63,63 - CONACYT,99,99-ALCANCE NACIONAL,1000000,1000000-DIRECCION GENERAL DE ADMINISTRACION Y FINANZAS,19,19 - OTROS SERVICIOS PERSONALES,A,ACTIVIDAD,32000000,144537500,49387501,17269167,0,17269167,2,2026,2026-02-24
2025,12,12,12-PODER EJECUTIVO,8,008-MINISTERIO DE SALUD PÚBLICA Y BIENESTAR SOCIAL,51,51 - VICEMINISTERIO DE RECTORIA Y VIGILANCIA DE LA SALUD,2,2-PROGRAMAS SUSTANTIVOS,3,003 - SERVICIOS DE APOYO Y DIAGNOSTICO P/ LA MEJORA EN LA ATENCIÓN,0,  0 - *,3,003-SERVICIOS LABORATORIALES,300,300 - SERVICIOS SOCIALES,310,310 - SALUD,319,319-SALUD SIN DISCRIMINAR,,,,10,10-RECURSOS DEL TESORO,100,100-SERVICIOS PERSONALES,140,140-PERSONAL CONTRATADO,141,141-CONTRATACIÓN DE PERSONAL TÉCNICO,1,1 - GENUINO,99,99-ALCANCE NACIONAL,1000000,1000000-DIRECCION GENERAL DE ADMINISTRACION Y FINANZAS,12,12 - REMUNERACIONES VARIAS,A,ACTIVIDAD,83584800,83584800,12859200,12323400,0,12323400,2,2026,2026-02-24
2025,12,12,12-PODER EJECUTIVO,8,008-MINISTERIO DE SALUD PÚBLICA Y BIENESTAR SOCIAL,51,51 - VICEMINISTERIO DE RECTORIA Y VIGILANCIA DE LA SALUD,2,2-PROGRAMAS SUSTANTIVOS,3,003 - SERVICIOS DE APOYO Y DIAGNOSTICO P/ LA MEJORA EN LA ATENCIÓN,0,  0 - *,3,003-SERVICIOS LABORATORIALES,300,300 - SERVICIOS SOCIALES,310,310 - SALUD,319,319-SALUD SIN DISCRIMINAR,,,,10,10-RECURSOS DEL TESORO,100,100-SERVICIOS PERSONALES,140,140-PERSONAL CONTRATADO,142,142-CONTRATACIÓN DE PERSONAL DE SALUD,1,1 - GENUINO,99,99-ALCANCE NACIONAL,1000000,1000000-DIRECCION GENERAL DE ADMINISTRACION Y FINANZAS,12,12 - REMUNERACIONES VARIAS,A,ACTIVIDAD,3384711200,4100711200,374096007,373371790,0,662096169,2,2026,2026-02-24
2025,12,12,12-PODER EJECUTIVO,8,008-MINISTERIO DE SALUD PÚBLICA Y BIENESTAR SOCIAL,51,51 - VICEMINISTERIO DE RECTORIA Y VIGILANCIA DE LA SALUD,2,2-PROGRAMAS SUSTANTIVOS,3,003 - SERVICIOS DE APOYO Y DIAGNOSTICO P/ LA MEJORA EN LA ATENCIÓN,0,  0 - *,3,003-SERVICIOS LABORATORIALES,300,300 - SERVICIOS SOCIALES,310,310 - SALUD,319,319-SALUD SIN DISCRIMINAR,,,,30,30-RECURSOS INSTITUCIONALES,100,100-SERVICIOS PERSONALES,140,140-PERSONAL CONTRATADO,142,142-CONTRATACIÓN DE PERSONAL DE SALUD,63,63 - CONACYT,99,99-ALCANCE NACIONAL,1000000,1000000-DIRECCION GENERAL DE ADMINISTRACION Y FINANZAS,12,12 - REMUNERACIONES VARIAS,A,ACTIVIDAD,49920000,49920000,49920000,0,0,0,2,2026,2026-02-24
2025,12,12,12-PODER EJECUTIVO,8,008-MINISTERIO DE SALUD PÚBLICA Y BIENESTAR SOCIAL,51,51 - VICEMINISTERIO DE RECTORIA Y VIGILANCIA DE LA SALUD,2,2-PROGRAMAS SUSTANTIVOS,3,003 - SERVICIOS DE APOYO Y DIAGNOSTICO P/ LA MEJORA EN LA ATENCIÓN,0,  0 - *,3,003-SERVICIOS LABORATORIALES,300,300 - SERVICIOS SOCIALES,310,310 - SALUD,319,319-SALUD SIN DISCRIMINAR,,,,10,10-RECURSOS DEL TESORO,100,100-SERVICIOS PERSONALES,140,140-PERSONAL CONTRATADO,144,144-JORNALES,1,1 - GENUINO,99,99-ALCANCE NACIONAL,1000000,1000000-DIRECCION GENERAL DE ADMINISTRACION Y FINANZAS,12,12 - REMUNERACIONES VARIAS,A,ACTIVIDAD,1318505396,1612129656,272735724,233775310,0,234317201,2,2026,2026-02-24
2025,12,12,12-PODER EJECUTIVO,8,008-MINISTERIO DE SALUD PÚBLICA Y BIENESTAR SOCIAL,51,51 - VICEMINISTERIO DE RECTORIA Y VIGILANCIA DE LA SALUD,2,2-PROGRAMAS SUSTANTIVOS,3,003 - SERVICIOS DE APOYO Y DIAGNOSTICO P/ LA MEJORA EN LA ATENCIÓN,0,  0 - *,3,003-SERVICIOS LABORATORIALES,300,300 - SERVICIOS SOCIALES,310,310 - SALUD,319,319-SALUD SIN DISCRIMINAR,,,,10,10-RECURSOS DEL TESORO,100,100-SERVICIOS PERSONALES,140,140-PERSONAL CONTRATADO,145,145-HONORARIOS PROFESIONALES,1,1 - GENUINO,99,99-ALCANCE NACIONAL,1000000,1000000-DIRECCION GENERAL DE ADMINISTRACION Y FINANZAS,12,12 - REMUNERACIONES VARIAS,A,ACTIVIDAD,243469200,219844940,60887340,37056400,0,37056400,2,2026,2026-02-24
